x1,x2
-0.31470486,0.78073892
-0.363830953,0.781459198
-0.405937255,0.682865859
-0.414176797,0.301965935
-0.361391451,0.881493094
-0.345825107,0.42293026
-0.330258757,0.573235319
-0.314692414,0.723540378
-0.30523312,0.707990848
-0.398637419,0.360774511
-0.430998159,0.598339124
-0.402302895,0.769722905
-0.340948176,0.545716465
-0.304617022,0.505931701
-0.352542033,0.775569867
-0.334843198,0.621769342
-0.340948176,0.550885518
-0.383378085,0.598042539
-0.35162722,0.586560461
-0.338748268,0.566689264
-0.325869315,0.665621557
-0.324344627,0.730955004
-0.379911752,0.507456995
-0.38876117,0.535759681
-0.375331462,0.687526481
-0.388151294,0.616346072
-0.36220047,0.524192865
-0.354875741,0.660537243
-0.38601673,0.467968816
-0.343580598,0.382043895
-0.335334832,0.694856368
-0.327089066,0.646131684
-0.315184048,0.597406999
-0.343580598,0.589653419
-0.356705367,0.762096433
-0.36983636,0.33988645
-0.368305448,1.065163969
-0.396092122,0.529065333
-0.360980719,0.81959156
-0.304803718,0.327175663
-0.340220059,0.963689518
-0.314574172,0.252182018
-0.3194594,0.606177443
-0.313659359,0.383908143
-0.317324835,0.645369037
-0.328924916,0.447504449
-0.300833304,0.600796543
-0.266947875,0.459876282
-0.257482359,0.688585713
-0.291675837,0.639564444
-0.325869315,0.249428015
-0.262367586,0.553427676
-0.297783927,0.679052623
-0.286488784,0.186848572
-0.279767707,0.910727904
-0.294118451,0.361918481
-0.262367586,0.181382934
-0.230616721,0.701084654
-0.228482157,0.357384967
-0.165590303,0.597406999
-0.164370552,0.603211592
-0.204665897,0.684264045
-0.174439721,0.413524278
-0.170780468,0.534700449
-0.167114991,0.399838997
-0.163449515,0.727353614
-0.159790262,0.418905178
-0.156124786,0.424201339
-0.15245931,0.45818151
-0.166810054,0.480044064
-0.103613262,0.497076519
-0.13811479,0.391492246
-0.136888815,0.409583934
-0.132924625,0.511185493
-0.17047553,0.473900517
-0.110328115,0.331370223
-0.025150913,0.196169816
0.003544351,0.630878739
0.031026087,0.642318448
0.052091685,0.437039234
0.073157282,0.23176002
0.156504858,0.657867977
0.17512473,0.049741547
0.18092477,0.527921363
0.162034188,0.616896873
0.143143606,0.478222185
0.1489312,0.342089653
0.084054139,0.414456402
0.027099236,0.281416829
0.035021394,0.494746208
0.011871018,0.614142869
-0.147729663,0.351114312
-0.130061944,0.480552496
-0.166312196,0.247055334
-0.181540414,0.277603593
-0.103868414,0.336073214
-0.132501446,0.379374629
-0.112705385,0.239894924
-0.106307916,0.487246843
-0.099910446,0.595458012
-0.093512977,0.335013982
-0.152297506,0.773112448
-0.182760165,0.082620117
-0.091689574,0.35958817
-0.103059395,0.495085162
-0.114429217,0.734683501
-0.125799039,0.337556139
-0.157780163,0.434073384
-0.177582446,0.572493856
-0.166922072,0.345479197
-0.219614069,0
-0.272306067,0.402720108
-0.264078971,0.38348445
-0.286314534,0.030802474
-0.278093661,0.512965003
-0.23941013,0.071900686
-0.231183034,0.166596051
-0.222657224,0.485848657
-0.250375442,0.241674434
-0.272001129,0.300821964
-0.329565908,0.401025337
-0.271696192,0.43337429
-0.294236692,0.465723244
-0.228749755,0.547623083
-0.207124068,0.88174731
-0.191590913,0.271036353
-0.206514193,0.611261757
-0.131129226,0.169095839
-0.055744259,0.656596899
-0.114833726,0.318193373
-0.058793637,0.684306415
-0.009144793,0.373485298
-0.045083884,0.585755444
-0.046608573,0.63558173
-0.117883104,0.303237014
-0.157780163,0.654647911
-0.06061704,0.332683671
0.007913051,0.453775104
-0.080724261,0.427675621
-0.080724261,0.380052538
-0.145601322,0.056012202
-0.172703442,0.333192102
-0.18427863,0.344970765
-0.200116723,0.35725786
-0.228749755,0.303660707
-0.23941013,0.043301415
-0.300329223,0.176425727
-0.330785659,0.213541225
-0.341141096,0.514575036
-0.324998065,0.422167613
-0.325303002,0.388526396
-0.32560794,0.513388696
-0.338701594,0.352385391
-0.342360847,0.637234133
-0.326217816,0.690068638
-0.310074785,0.525379205
-0.321948687,0.554190323
-0.321040097,0.83992882
-0.39657131,0.749385645
-0.406323094,0.807855267
-0.446830029,0.782984493
-0.413324216,0.789212779
-0.426424093,0.925811372
-0.444695464,0.761588001
-0.440737497,0.810397424
-0.443786874,0.801203288
-0.441146157,0.809338192
-0.438505434,0.777518854
-0.435864716,0.679476316
-0.418196997,0.945301246
-0.406926747,0.829209389
-0.39566272,0.713117532
-0.466931027,0.597025676
-0.477286464,0.704601305
-0.494954183,0.987797644
-0.512621903,1.114820778
-0.483988871,0.803618337
-0.479725966,0.701254131
-0.492514681,0.943775951
-0.545212902,1.078764511
-0.536985807,0.96835014
-0.571101495,0.976654521
-0.532722901,0.583213287
-0.51170709,0.64515719
-0.467235965,0.823701381
-0.460838495,0.855944411
-0.459624968,0.589653419
-0.458405217,0.743242098
-0.43403509,0.812515888
-0.418501935,0.704262351
-0.386520811,0.845140242
-0.376775249,0.696296924
-0.367639563,0.717396831
-0.351191595,0.807177358
-0.417587121,0.839208542
-0.403578655,0.814507245
-0.362766783,0.701635455
-0.376470311,0.829887298
-0.380129564,1.155707143
-0.212911662,0.73836963
-0.304897066,1.717947632
-0.275044284,0.732014236
-0.254638347,1.095966444
-0.286619471,0.932420981
-0.275654159,1.085670706
-0.265513423,1.01610033
-0.255372687,1.004618253
-0.271845549,1.271587154
-0.296253015,0.81717651
-0.257202314,0.804889416
-0.401506323,1.074908906
-0.390217403,0.848699263
-0.400591509,0.959749174
-0.395401345,0.956952801
-0.385027238,0.954156427
-0.378928483,0.995424117
-0.377098857,0.847258707
-0.36398031,0.781755783
-0.367334626,0.894924159
-0.38075811,0.771587154
-0.404860638,0.923735277
-0.409129766,0.714812304
-0.371298816,0.946191001
-0.421943375,1.1630794
-0.414624869,0.415430896
-0.401506323,1.091432929
-0.449468674,0.885984239
-0.417674246,0.429073807
-0.446350841,0.911660029
-0.460079263,0.954368274
-0.428048353,0.814380137
-0.431707606,0.740191509
-0.452144658,0.842174392
-0.43384217,0.577903017
-0.376488981,0.313631599
-0.36906468,0.049360224
-0.36164038,0.259893229
-0.354216079,0.656088467
-0.352081515,0.600669435
-0.349946951,1.039615287
-0.327978987,1.176637573
-0.314555503,1.018769596
-0.298082641,1.052198966
-0.342927159,1.137827303
-0.416149558,1.114185239
-0.377708732,1.041098212
-0.400286572,0.984704686
-0.422858188,0.886450301
-0.445436028,0.89784764
-0.49241511,1.160791458
-0.539400416,0.726675705
-0.484181791,0.866240149
-0.478045697,0.702355733
-0.497300337,1.036564698
-0.468922457,0.919710194
-0.440102729,0.548046776
-0.412179144,0.733158207
-0.475332373,0.719006864
-0.446960716,0.694178459
-0.720919276,0.66367257
-0.756304501,0.6959156
-0.697426623,0.777645962
-0.723663715,1.02809084
-1.234054822,1.225065672
-1.231304159,1.62664181
-1.263341292,1.452292179
-1.295353532,0.331200746
-1.29689689,0.510521693
-1.373461157,0.689842683
-1.759089164,0.86916363
-1.809117623,1.022243878
-1.772201487,1.656681637
-1.804848495,1.941826964
-1.809117623,2.095796966
-1.825895423,2.430260147
-1.805153433,2.5
-1.798133641,2.469324634
-1.786546007,2.377934073
-1.784710157,2.277264639
-1.782880531,2.338403525
-1.781050904,2.290526227
-1.770066922,2.266587577
-1.752679248,2.342386238
-1.757253314,2.410134734
-1.755423687,2.375010592
-1.753594061,2.371239725
-1.739865639,2.366960427
-1.743219954,2.3638251
-1.770981736,2.367341751
-1.783185469,2.375561393
-1.802713931,2.40738073
-1.814917664,2.394627574
-1.827115174,2.306329972
-1.815832477,2.298872977
-1.822846045,2.308490806
-1.805153433,2.317642573
-1.800846965,2.313575121
-1.803323806,2.317134141
-1.805763308,2.41399034
-1.80820281,2.406533345
-1.810642312,2.402677739
-1.813050698,2.449580544
-1.815527539,2.382806542
-1.817967041,2.380772816
-1.820406543,2.300271163
-1.822846045,2.319337344
-1.825285547,2.318617066
-1.827725049,2.332895517
-1.830170774,2.32018473
-1.832610276,2.318066266
-1.740170577,2.305101263
-1.739255764,2.304423354
-1.74566568,2.313278536
-1.752679248,2.245614778
-1.761528666,2.264426743
-1.7694446,2.320608423
-1.777391651,2.335776629
-1.786241069,2.348572155
-1.793559575,2.340225405
-1.792034886,2.289975426
-1.790510198,2.265528345
-1.788985509,2.281204983
-1.783341049,2.305207186
-1.777696589,2.329209389
-1.772201487,2.350690619
-1.77037186,2.233073468
-1.765492856,2.062791289
-1.758784226,2.124014914
-1.738950826,2.180916871
-1.742000203,2.220193204
-1.762138541,2.221464283
-1.759394101,2.221591391
-1.765797794,2.243072621
-1.768542234,2.240530464
-1.766102732,2.227692568
-1.768237296,2.249851707
-1.77037186,2.257817134
-1.772512648,2.255952885
-1.784990202,2.266375731
-1.792034886,2.289255148
-1.795389202,2.272731124
-1.795999077,2.265019914
-1.796608953,2.263579358
-1.797218828,2.274595373
-1.797828704,2.257901873
-1.79691389,2.23120922
-1.795389202,2.266714685
-1.793864513,2.250148293
-1.793254637,2.271332938
-1.793559575,2.26163037
-1.793254637,2.248326413
-1.792644762,2.257647657
-1.793559575,2.255783408
-1.793254637,2.259893229
-1.794169451,2.251885433
-1.793864513,2.257647657
-1.793559575,2.197483264
-1.793254637,2.228582324
-1.793559575,2.282645539
-1.792131346,2.334590289
-1.790703118,2.279722057
-1.787043865,2.292390475
-1.783390835,2.35662232
-1.794966023,2.299762732
-1.796185774,2.339123803
-1.797405525,2.352809084
-1.803199342,2.330988899
-1.808986936,2.347470553
-1.81477453,2.306753665
-1.801064778,2.318659436
-1.798625276,2.305101263
-1.798320338,2.337683247
-1.796490711,2.288153546
-1.801674653,2.311160071
-1.801979591,2.334166596
-1.808072123,2.247733243
-1.799845027,2.341369375
-1.798930213,2.287136683
-1.798320338,2.333742903
-1.797679346,2.277391746
-1.797405525,2.306541818
-1.79527096,2.280654182
-1.79527096,2.193797136
-1.79527096,2.331751546
-1.79527096,2.20070333
-1.794966023,2.307473943
-1.794966023,2.286628252
-1.792227806,2.310863486
-1.799845027,2.352978561
-1.807462247,2.173290399
-1.815079467,2.258622151
-1.792227806,2.150877044
-1.770589673,2.275824083
-1.76693042,2.258198458
-1.761142826,2.181213456
-1.755044071,2.302813321
-1.759313199,2.158757732
-1.749256477,2.189009406
-1.745902162,2.232692145
-1.738589879,2.194644522
-1.755349009,2.226548598
-1.772114362,2.189475468
-1.788873491,2.257054487
-1.805632621,2.244089484
-1.791922869,1.989026354
-1.778206893,2.12782815
-1.753220668,2.26582493
-1.745597224,2.319337344
-1.737370128,2.400686383
-1.746816975,2.303830184
-1.755790857,2.167951868
-1.73980963,2.340098297
-1.755709955,2.374841115
-1.737980004,2.212566732
-1.719696185,2.301754089
-1.701412367,2.282899754
-1.750476228,2.264426743
-1.740419506,2.126006271
-1.736760253,2.216295229
-1.735235564,2.282476061
-1.752000917,2.296457927
-1.73219241,2.237988306
-1.737980004,2.130539785
-1.743773821,
-1.749561415,
-1.753830543,
-1.761142826,
-1.765405731,
-1.747426851,
-1.72944797,
-1.716646808,
-1.730972659,
-1.736455315,
-1.7462071,
-1.763582328,
-1.757178635,
-1.771809424,
-1.771809424,
-1.780341457,
-1.775157516,
-1.769979797,
-1.760837888,
-1.751695979,
-1.766015607,
-1.762331461,
-1.758703324,
-1.752305855,
-1.745902162,
-1.748646602,
-1.757178635,
-1.749256477,
-1.741334319,
-1.733412161,
-1.725483779,
-1.751086104,
-1.776682204,
-1.761752701,
-1.771809424,
-1.768150171,
-1.764490918,
-1.768150171,
-1.771809424,
-1.774242703,
-1.776682204,
-1.771809424,
-1.762972452,
-1.754129258,
-1.765405731,
-1.776682204,
-1.787958678,
-1.765710669,
-1.758703324,
-1.751695979,
-1.759618137,
-1.758093448,
-1.752305855,
-1.754129258,
-1.756220259,
-1.757788511,
-1.75656876,
-1.75927586,
-1.757178635,
-1.755044071,
-1.762362577,
-1.76967486,
-1.763887266,
-1.770589673,
-1.776072329,
-1.771504486,
-1.767235358,
-1.773029175,
-1.774242703,
-1.777901955,
-1.782476022,
-1.787958678,
-1.786129051,
-1.784299425,
-1.782476022,
-1.786738927,
-1.79405121,
-1.797405525,
-1.798320338,
-1.79405121,
-1.799235151,
-1.809901749,
-1.80441287,
-1.806547434,
-1.806547434,
-1.8111215,
-1.810206687,
-1.808986936,
-1.807767185,
-1.806547434,
-1.793447557,
-1.797405525,
-1.79527096,
-1.795575898,
-1.791922869,
-1.793447557,
-1.801674653,
-1.80441287,
-1.810816562,
-1.810816562,
-1.812951126,
-1.813859716,
-1.81873872,
-1.814164654,
-1.811731375,
-1.811426438,
-1.8111215,
-1.810816562,
-1.812951126,
-1.817823907,
-1.804717807,
-1.216337317,
-1.082911495,
-1.054284686,
-1.065884767,
-1.069656038,
-1.389722429,
-1.071541674,
-1.066513312,
-1.064005355,
-1.061491174,
-1.080023921,
-1.072798764,
-1.063059426,
-1.064627677,
-1.078449447,
-1.082911495,
-1.054284686,
-1.062748265,
-1.070913128,
-1.078766831,
-1.086620534,
-1.094474237,
-1.064945061,
-1.06117379,
-1.08630315,
-1.072170219,
-1.0599167,
-1.062748265,
-1.079077992,
-1.082911495,
-1.054284686,
-1.065573606,
-1.06337681,
-1.07248138,
-1.065256222,
-1.067459242,
-1.064945061,
-1.0599167,
-1.076881196,
-1.072170219,
-1.064316516,
-1.067770403,
-1.078138286,
-1.082911495,
-1.054284686,
-1.062430881,
-1.067770403,
-1.07248138,
-1.063059426,
-1.080023921,
-1.068087787,
-1.034476179,
-1.064316516,
-1.069027493,
-1.07373847,
-1.078449447,
-1.072798764,
-1.111538304,
-1.082911495,
-1.054284686,
-1.025657878,
-1.082531879,
-1.069344877,
-0.999613705,
-1.118340283,
-1.031650838,
-1.067459242,
-1.040444247,
-1.076252651,
-1.022857429,
-1.070595744,
-1.086931695,
-1.0599167,
-1.064945061,
-1.068716332,
-1.07248138,
-1.076252651,
-1.021600339,
-1.037930066,
-1.054266017,
-1.070595744,
-1.086931695,
-1.089445875,
-1.078138286,
-1.066830697,
-1.055523107,
-1.044215518,
-1.032907928,
-1.065573606,
-1.07499556,
-1.111538304,
-1.072798764,
-1.111538304,
-1.085363444,
-1.085046059,
-1.082911495,
-1.047980565,
-1.044844063,
-1.064945061,
-1.075624105,
-1.089445875,
-1.102321716,
-1.091960056,
-1.080023921,
-1.068087787,
-1.056151652,
-1.048926495,
-1.056462813,
-1.064005355,
-1.056792644,
-1.072182665,
-1.063071872,
-1.076576258,
-1.090086867,
-1.056164099,
-1.050507192,
-1.055218169,
-1.059617985,
-1.030717355,
-1.026634923,
-1.037313967,
-1.050824577,
-1.038571058,
-1.038888442,
-1.035117171,
-1.056164099,
-1.058360895,
-1.063071872,
-1.051446898,
-1.045485054,
-1.038888442,
-1.037942513,
-1.031663284,
-1.088201232,
-1.144739179,
-1.201277126,
-1.035117171,
-1.046735921,
-1.03008881,
-1.021923946,
-1.020038311,
-1.025695217,
-1.015644718,
-1.026952307,
-1.029149104,
-1.012184608,
-1.041396399,
-1.038888442,
-1.035428332,
-1.056792644,
-1.038571058,
-1.023181036,
-1.031974445,
-1.015327334,
-1.020666856,
-1.021923946,
-1.029460265,
-1.025695217,
-1.036056877,
-1.04516767,
-1.027263468,
-1.040456693,
-1.037942513,
-1.045796215,
-1.05647526,
-1.026952307,
-0.995226335,
-1.00590538,
-1.019409766,
-1.035428332,
-1.037313967,
-1.060875076,
-1.062443327,
-1.059929146,
-1.037942513,
-1.007473631,
-1.035117171,
-1.018470059,
-1.008102176,
-1.02224133,
-1.036380485,
-1.050519639,
-1.03260299,
-1.037942513,
-1.029149104,
-1.028209398,
-1.023492197,
-1.03260299,
-1.03008881,
-1.05647526,
-1.023492197,
-1.01972715,
-1.048938941,
-1.012184608,
-1.041396399,
-1.039828148,
-1.004337128,
-1.052075444,
-1.021923946,
-1.045796215,
-1.03260299,
-1.087572686,
-1.006533925,
-1.036374261,
-1.021923946,
-1.050196031,
-1.041396399,
-1.024438127,
-1.035745716,
-1.028209398,
-1.02224133,
-1.020666856,
-1.036374261,
-1.053332534,
-1.044539125,
-1.038888442,
-1.062443327,
-1.037942513,
-1.035117171,
-1.023809582,
-1.047053306,
-1.041085238,
-1.037942513,
-1.034799787,
-1.056164099,
-1.012813153,
-1.039516987,
-1.015644718,
-1.01878122,
-1.041396399,
-1.029149104,
-1.03260299,
-1.025066672,
-1.022552491,
-1.020666856,
-1.031663284,
-1.047053306,
-1.046107376,
-1.03229183,
-1.039516987,
-1.026634923,
-1.037313967,
-1.01878122,
-1.035117171,
-1.038888442,
-1.041713784,
-1.021612785,
-1.029460265,
-1.006533925,
-1.039516987,
-1.063700417,
-1.052392828,
-1.041085238,
-1.029777649,
-1.018470059,
-1.047993012,
-1.027892013,
-1.039199603,
-1.040456693,
-1.025066672,
-1.041396399,
-1.03260299,
-1.041396399,
-1.063700417,
-1.052392828,
-1.041085238,
-1.048938941,
-1.069979646,
-1.02098424,
-1.015327334,
-1.047993012,
-1.027892013,
-1.020038311,
-1.037942513,
-1.032920375,
-1.0313459,
-0.9933407,
-0.963817748,
-0.974496792,
-0.987372633,
-1.003708583,
-0.974496792,
-0.978890385,
-0.961620951,
-0.966643089,
-0.975125337,
-1.008102176,
-1.004019744,
-0.987061472,
-0.945285001,
-0.959106771,
-0.988629723,
-0.995537496,
-0.994915174,
-1.006845086,
-0.966643089,
-0.951253068,
-0.992712155,
-0.97041436,
-0.944345295,
-0.973550863,
-0.990197974,
-0.986744088,
-0.978579224,
-0.974179408,
-1.003708583,
-0.996794587,
-1.022869876,
-1.050507192,
-1.015644718,
-1.045796215,
-1.042024944,
-1.088201232,
-1.134371295,
-1.05773235,
-0.9933407,
-1.023181036,
-1.053021373,
-1.007473631,
-1.004019744,
-1.031974445,
-1.045796215,
-1.009987812,
-1.004337128,
-1.019409766,
-1.034488626,
-1.066843143,
-1.034799787,
-1.024749288,
-1.046107376,
-0.925812548,
-0.970725521,
-1.015644718,
-1.045796215,
-1.075947713,
-0.984229907,
-1.00716247,
-1.03008881,
-1.053021373,
-1.021612785,
-0.986744088,
-1.046107376,
-1.026323762,
-1.00716247,
-0.988001178,
-1.11081641,
-1.067782849,
-1.056164099,
-1.044539125,
-1.125260502,
-1.05773235,
-1.053021373,
-1.048310396,
-1.025066672,
-0.9933407,
-0.986744088,
-1.042970874,
-1.314975342,
-1.110754178,
-1.067720617,
-0.991455065,
-1.099508821,
-1.207556354,
-1.127146138,
-1.038571058,
-1.075636552,
-1.095109005,
-1.060875076,
-0.995226335,
-1.022869876,
-1.099508821,
-1.176147767,
-1.09573755,
-1.172376496,
-1.314975342,
-0.464323498,
-1.288028803,
-1.20762481,
-1.058672056,
-0.994915174,
-0.944345295,
-1.067782849,
-1.024749288,
-1.05773235,
-1.022552491,
-1.00716247,
-1.036374261,
-1.018470059,
-1.027263468,
-0.993658084,
-0.975753882,
-1.064640123,
-1.018470059,
-0.995226335,
-1.006845086,
-1.004019744,
-1.034799787,
-1.002762654,
-0.970725521,
-0.996794587,
-0.975753882,
-1.036374261,
-1.021612785,
-0.963817748,
-0.991143904,
-1.006222764,
-1.035117171,
-1.021923946,
-1.007791015,
-1.067782849,
-1.021612785,
-0.998051677,
-1.006533925,
-1.00716247,
-1.003708583,
-1.018470059,
-1.007473631,
-0.990515358,
-1.020038311,
-1.026952307,
-0.993658084,
-1.00716247,
-1.001822948,
-1.024749288,
-0.994915174,
-1.00590538,
-1.01972715,
-1.035117171,
-1.00590538,
-1.027263468,
-0.994915174,
-0.976382427,
-1.036374261,
-1.026323762,
-0.993969245,
-1.008730721,
-1.035745716,
-1.062754488,
-0.995854881,
-0.969785815,
-0.960992406,
-0.976382427,
-1.001822948,
-0.987061472,
-0.986744088,
-0.976693588,
-0.972922318,
-1.003391199,
-1.002451493,
-0.984547291,
-1.000883242,
-1.004965674,
-0.987061472,
-0.995854881,
-0.990515358,
-0.976382427,
-1.004965674,
-0.986744088,
-0.966643089,
-1.025066672,
-1.018443505,
-1.011820344,
-1.005197177,
-0.99857401,
-0.99195085,
-0.985327683,
-0.978704516,
-0.972081355,
-0.965458188,
-0.958835021,
-0.952211861,
-0.945588694,
-0.938965527,
-0.932342366,
-0.925719199,
-0.919096032,
-0.912472872,
-0.905849705,
-0.899226538,
-0.892603377,
-0.88598021,
-0.879357043,
-0.872733883,
-0.866110716,
-0.859487549,
-0.852864388,
-0.846241221,
-0.839618054,
-0.832994893,
-0.826371727,
-0.81974856,
-0.813125399,
-0.806502232,
-0.799879065,
-0.793255904,
-0.786632737,
-0.780009571,
-0.77338641,
-0.766763243,
-0.760140076,
-0.753516915,
-0.746893748,
-0.740270581,
-0.733647421,
-0.727024254,
-0.707651372,
-0.687450802,
-0.615547727,
-1.102203475,
1,
0.443644196,
-0.701428153,
-0.224729556,
-0.655998652,
-1.446285269,
-1.094735612,
-1.028769487,
-0.980228377,
-0.942889061,
-0.883146156,
-0.751836229,
-0.728810318,
-1.000765001,
-1.025035556,
-1.058018618,
-1.04391058,
-1.329413211,
-1.31690454,
-1.390991966,
-1.414671315,
-1.481384226,
-1.629310149,
-1.309996767,
-1.23236833,
-1.199702652,
-1.100137366,
-1.129349158,
-1.127774683,
-1.123692251,
-1.107362524,
-1.149132772,
-1.175830382,
-1.141596453,
-1.108613391,
-1.103591253,
-1.098251731,
-1.067471688,
-1.094797844,
-1.122435161,
-1.148821611,
-1.100448527,
-1.067471688,
-1.059929146,
-1.062443327,
-1.105476888,
-1.133114205,
-1.1601292,
-1.187137972,
-1.151335791,
-1.139399657,
-1.159811816,
-1.13248566,
-1.153843749,
-1.142853543,
-1.118352729,
-1.091966279,
-1.080030145,
-1.068100233,
-1.222946376,
-1.187137972,
-1.151335791,
-1.115527387,
-1.191537788,
-1.164840177,
-1.138142566,
-1.145996269,
-1.153843749,
-1.133431589,
-1.100448527,
-1.064328962,
-1.028209398,
-1.138771112,
-1.115210003,
-1.091655118,
-1.068100233,
-1.069668485,
-1.102334163,
-1.103591253,
-1.073439755,
-0.456855635,
-0.728810318,
-1.000765001,
-1.272719683,
-1.070925575,
-1.103591253,
-1.136256931,
-1.106105433,
-1.075947713,
-1.105788049,
-1.091655118,
-1.077522187,
-1.138142566,
-1.114581458,
-1.122435161,
-1.130288864,
-1.087883847,
-1.12086691,
-1.153843749,
-1.186826811,
-1.24870428,
-1.200020036,
-1.151335791,
-1.203156538,
-1.169551154,
-1.135939547,
-1.061186237,
-1.101077072,
-1.13374275,
-1.069668485,
-1.102334163,
-1.134999841,
-1.167665519,
-0.456855635,
-1.07029703,
-1.119609819,
-1.146624814,
-1.173633586,
-1.17049086,
-1.122124,
-1.167982903,
-1.119609819,
-1.13374275,
-1.166408428,
-1.199074106,
-1.231739784,
-1.236456985,
-1.169551154,
-1.231111239,
-1.22452085,
-1.185569721,
-1.146624814,
-1.17049086,
-1.194363129,
-1.173005041,
-1.198762945,
-1.22452085,
-1.250272531,
-1.185569721,
-1.213213261,
-1.240850577,
-1.268494118,
-1.184001469,
-1.176776312,
-1.169551154,
-1.162325997,
-1.155100839,
-1.248386896,
-1.216038602,
-1.183684085,
-1.173005041,
-1.198762945,
-1.22452085,
-1.250272531,
-1.22452085,
-1.185569721,
-1.146624814,
-1.147458726,
-1.145934037,
-1.165151338,
-1.134999841,
-1.104848343,
-1.247758351,
-1.230488917,
-1.213213261,
-1.195937604,
-1.182426995,
-1.20944199,
-1.236456985,
-1.200648581,
-1.187455356,
-1.201905671,
-1.184941175,
-1.199391491,
-1.178033402,
-1.173005041,
-1.168294064,
-1.194363129,
-1.230171533,
-1.22452085,
-1.218863944,
-1.213213261,
-1.176147767,
-1.212267331,
-1.160440361,
-1.199702652,
-1.144110634,
-1.161697451,
-1.147875681,
-1.165468722,
-1.150389862,
-1.187455356,
-1.193106039,
-1.167354358,
-1.141602676,
-1.201277126,
-1.164211632,
-1.158554726,
-1.181169905,
-1.213213261,
-1.187137972,
-1.161068906,
-1.166408428,
-1.160440361,
-1.149761317,
-1.17049086,
-1.128403228,
-1.163583087,
-1.144110634,
-1.124631957,
-1.105159504,
-1.169862315,
-1.147247136,
-1.181169905,
-1.155418223,
-1.149761317,
-1.141279069,
-1.164211632,
-1.155729384,
-1.161697451,
-1.146624814,
-1.131545954,
-1.152275497,
-1.17049086,
-1.154161133,
-1.167354358,
-1.149132772,
-1.162325997,
-1.14505034,
-1.136568092,
-1.125260502,
-1.113952913,
-1.134060135,
-1.124631957,
-1.142224998,
-1.128403228,
-1.134999841,
-1.173633586,
-1.149450156,
-1.125260502,
-1.147875681,
-1.164840177,
-1.149761317,
-1.135317225,
-1.120238364,
-1.087883847,
-1.118352729,
-1.148821611,
-1.143482089,
-1.139710818,
-1.135939547,
-1.132174499,
-1.129971479,
-1.118352729,
-1.107673685,
-1.114581458,
-1.120238364,
-1.063071872,
-1.100137366,
-1.073750916,
-1.02098424,
-1.053021373,
-1.001505564,
-1.043599419,
-1.054278463,
-1.03354892,
-1.063383033,
-1.048938941,
-1.034488626,
-1.067782849,
-1.101077072,
-1.134371295,
-1.05773235,
-1.042970874,
-1.066525759,
-1.058043511,
-1.049567486,
-1.041085238,
-1.031034739,
-1.009359266,
-1.000254697,
-1.036685422,
-1.026323762,
-1.047364467,
-1.068411394,
-0.995226335,
-1.001505564,
-1.091337734,
-1.086944141,
-0.827498129,
-0.793575361,
-0.728244005,
-1.19687731,
-0.947481797,
-0.864563623,
-1.001505564,
-1.201277126,
-1.022869876,
-0.97951893,
-1.058672056,
-1.018470059,
-1.008102176,
-1.078779278,
-1.011244902,
-1.0693511,
-1.028837943,
-1.064957508,
-1.038259897,
-1.011562286,
-1.037631352,
-0.95784968,
-0.815250834,
-1.143793249,
-1.045485054,
-1.037313967,
-1.029149104,
-1.02098424,
-1.081604619,
-1.033231536,
-1.016273263,
-1.043282035,
-1.040767854,
-1.035428332,
-1.036374261,
-1.075008007,
-1.031974445,
-1.068722555,
-1.041085238,
-1.076265097,
-1.017841514,
-1.081287235,
-0.962560657,
-1.029149104,
-1.013441698,
-1.102016778,
-1.064957508,
-0.848856218,
-1.09699464,
-1.047364467,
-1.029149104,
-1.031612646,
-1.034076182,
-1.036539724,
-1.039003267,
-1.041466809,
-1.043930345,
-1.046393887,
-1.048857429,
-1.051320972,
-1.053784508,
-1.05624805,
-1.058711592,
-1.061175134,
-1.06363867,
-1.066102213,
-1.068565755,
-1.071029297,
-1.073492833,
-1.075956376,
-1.078419918,
-1.08088346,
-1.083346996,
-1.085810538,
-1.088274081,
-1.090737623,
-1.093201159,
-1.095664701,
-1.098128243,
-1.100591786,
-1.103055322,
-1.105518864,
-1.107982406,
-1.110445948,
-1.112909484,
-1.115373027,
-1.117836569,
-1.120300111,
-1.122763647,
-1.12522719,
-1.127690732,
-1.130154274,
-1.13261781,
-1.135081352,
-1.137544895,
-1.140008437,
-1.142471973,
-1.144935515,
-1.147399057,
-1.1498626,
-1.152326136,
-1.154789678,
-1.20944199,
-1.164840177,
-1.211327625,
-1.226400262,
-1.178344563,
-1.129349158,
-1.174579515,
-1.18525856,
-1.192794878,
-1.167354358,
-1.161697451,
-1.19687731,
-1.16923377,
-1.173005041,
-1.176776312,
-1.168294064,
-1.191226627,
-1.14505034,
-1.16923377,
-1.182426995,
-1.179915926,
-1.177404857,
-1.159183271,
-1.136568092,
-1.208184899,
-1.162954542,
-1.193734584,
-1.161697451,
-1.157932404,
-1.165468722,
-1.205670719,
-1.18305554,
-1.160440361,
-1.200648581,
-1.209753151,
-1.174579515,
-1.22106074,
-1.179601653,
-1.166408428,
-1.221689285,
-1.255612054,
-1.229542988,
-1.192477494,
-1.227657353,
-1.218863944,
-1.232057169,
-1.245250394,
-1.258443618,
-1.240222032,
-1.248386896,
-1.263465756,
-1.259694485,
-1.287338026,
-1.252158167,
-1.216978308,
-1.259694485,
-1.282309664,
-1.274462185,
-1.264722847,
-1.286398319,
-1.264722847,
-1.303045431,
-1.404403004,
-1.317091237,
-1.355183562,
-1.430254256,
-1.411092964,
-1.391931672,
-1.381570012,
-1.362091336,
-1.375601945,
-1.338847612,
-1.331311293,
-1.322517884,
-1.31435302,
-1.305870773,
-1.332250999,
-1.318746613,
-1.336650815,
-1.354555017,
-1.342463302,
-1.330371587,
-1.325032065,
-1.32094341,
-1.304613682,
-1.319692543,
-1.314975342,
-1.341361792,
-1.367748242,
-1.645409617,
-1.336968199,
-1.304613682,
-1.335082564,
-1.365545222,
-1.333196928,
-1.358326288,
-1.32094341,
-1.346390153,
-1.340422086,
-1.334454019,
-1.332987411,
-1.33152081,
-1.330054203,
-1.336968199,
-1.37528456,
-1.370573583,
-1.366491152,
-1.352986766,
-1.377170196,
-1.402928101,
-1.394128468,
-1.353926472,
-1.376541651,
-1.350783746,
-1.370573583,
-1.346390153,
-1.359894539,
-1.351412291,
-1.34858695,
-1.345761608,
-1.379055831,
-1.368376787,
-1.326282932,
-1.347018698,
-1.332568383,
-1.306810479,
-1.281058797,
-1.30053125,
-1.343875973,
-1.275401891,
-1.303673976,
-1.257186528,
-1.298328231,
-1.258443618,
-1.293617254,
-1.277916072,
-1.281369958,
-1.318746613,
-1.268494118,
-1.287338026,
-1.277916072,
-1.264722847,
-1.251529622,
-1.222635215,
-1.226400262,
-1.238336397,
-1.218863944,
-1.230800078,
-1.201277126,
-1.238336397,
-1.243993303,
-1.249643986,
-1.243993303,
-1.235511055,
-1.227028807,
-1.218552783,
-1.22452085,
-1.240850577,
-1.194363129,
-1.215092673,
-1.17049086,
-1.154161133,
-1.167354358,
-1.180541359,
-1.193734584,
-1.207873738,
-1.199391491,
-1.188083901,
-1.176776312,
-1.165468722,
-1.187455356,
-1.173633586,
-1.159811816,
-1.197817016,
-1.205042174,
-1.212267331,
-1.188083901,
-1.179290492,
-1.196248765,
-1.212584715,
-1.166725813,
-1.151646952,
-1.182115834,
-1.212584715,
-1.180230198,
-1.143482089,
-1.171119405,
-1.198762945,
-1.226400262,
-1.224203466,
-1.212584715,
-1.201905671,
-1.208813445,
-1.18305554,
-1.157303859,
-1.131545954,
-1.230800078,
-1.240850577,
-1.210070535,
-1.221378124,
-1.200648581,
-1.179919037,
-1.159183271,
-1.15761502,
-1.174579515,
-1.191537788,
-1.224832011,
-1.21069908,
-1.196566149,
-1.183372924,
-1.168611448,
-1.192166333,
-1.215092673,
-1.206616648,
-1.166725813,
-1.175519221,
-1.166408428,
-1.157303859,
-1.193734584,
-1.183372924,
-1.173005041,
-1.194051968,
-1.215092673,
-1.189969537,
-1.185569721,
-1.181169905,
-1.141596453,
-1.17049086,
-1.199391491,
-1.228285898,
-1.198762945,
-1.178661947,
-1.221378124,
-1.214049244,
-1.206720371,
-1.199391491,
-1.218863944,
-1.238336397,
-1.209124606,
-1.204413629,
-1.199702652,
-1.194991675,
-1.217295692,
-1.190598082,
-1.163894248,
-1.200020036,
-1.194680514,
-1.177716018,
-1.192166333,
-1.206616648,
-1.202534216,
-1.194363129,
-1.186198266,
-1.178033402,
-1.207245193,
-1.190280698,
-1.173322425,
-1.219181328,
-1.229231827,
-1.211327625,
-1.193423423,
-1.206927809,
-1.220432195,
-1.194363129,
-1.166725813,
-1.201905671,
-1.237707852,
-1.210070535,
-1.182426995,
-1.154789678,
-1.201905671,
-1.164840177,
-1.190598082,
-1.216349763,
-1.191226627,
-1.173005041,
-1.186198266,
-1.136568092,
-1.178661947,
-1.127146138,
-1.138453727,
-1.181169905,
-1.183372924,
-1.141596453,
-1.162643381,
-1.167982903,
-1.125889048,
-1.162325997,
-1.198762945,
-1.107673685,
-1.136568092,
-1.103591253,
-1.125260502,
-1.072182665,
-1.116155933,
-1.09573755,
-1.091337734,
-1.076265097,
-1.067782849,
-1.089458322,
-1.111127571,
-1.097778766,
-1.084429961,
-1.047364467,
-1.010305196,
-1.0693511,
-1.165468722,
-1.041713784,
-1.075008007,
-1.10830223,
-1.075636552,
-1.01972715,
-0.976382427,
-1.055535554,
-1.018470059,
-1.007473631,
-1.066214598,
-0.85419574,
-1.075636552,
-1.060246531,
-1.068100233,
-1.107362524,
-0.813676359,
-1.163271926,
-0.95784968,
-0.815250834,
-1.143793249,
-1.014070243,
-1.034177465,
-1.022869876,
-1.005276835,
-1.078461893,
-0.813365198,
-1.013130537,
-1.040145532,
-0.852310105,
-0.909793981,
-0.967271634,
-1.137825182,
-1.063071872,
-1.07029703,
-1.136568092,
-1.17049086,
-1.143482089,
-1.175519221,
-1.121178071,
-1.154789678,
-1.139082272,
-1.164840177,
-1.190598082,
-1.225771717,
-1.193423423,
-1.23582844,
-1.217606853,
-1.225488754,
-1.23337066,
-1.24125256,
-1.24913446,
-1.25701636,
-1.264898261,
-1.272780167,
-1.280662067,
-1.288543967,
-1.296425874,
-1.304307774,
-1.312189674,
-1.320071574,
-1.327953474,
-1.335835381,
-1.343717281,
-1.351599181,
-1.359481087,
-1.367362987,
-1.375244887,
-1.383126788,
-1.391008688,
-1.398890594,
-1.406772494,
-1.414654394,
-1.422536301,
-1.430418201,
-1.438300101,
-1.446182001,
-1.454063901,
-1.461945808,
-1.469827708,
-1.442190391,
-1.47737025,
-1.481135297,
-1.496525319,
-1.50029659,
-1.441244462,
-1.445015733,
-1.506893202,
-1.457263028,
-1.430882802,
-1.405336486,
-1.599500928,
-1.447529913,
-1.482709772,
-1.555894831,
-1.503439315,
-1.513800975,
-1.491185796,
-1.495896773,
-1.530765471,
-1.565627946,
-1.537673245,
-1.588560509,
-1.562174059,
-1.535476448,
-1.508778837,
-1.495896773,
-1.499356883,
-1.534219358,
-1.506264657,
-1.493071432,
-1.503439315,
-1.482392388,
-1.46134546,
-1.455377393,
-1.443447481,
-1.431511347,
-1.419575212,
-1.450666416,
-1.493071432,
-1.50406786,
-1.50155368,
-1.466373821,
-1.429936872,
-1.581017967,
-1.512232724,
-1.474856069,
-1.537673245,
-1.494328522,
-1.912709332,
-1.841092524,
-1.530765471,
-1.503121931,
-1.51663254,
-1.504379021,
-1.569081832,
-1.494328522,
-1.513800975,
-1.501864841,
-1.586986034,
-1.566885036,
-1.477681411,
-1.495268228,
-1.524168859,
-1.518200791,
-1.480824136,
-1.562802604,
-1.544587241,
-1.560605808,
-1.534219358,
-1.542384222,
-1.501236296,
-1.50406786,
-1.528879836,
-1.506575818,
-1.5750499,
-1.550237924,
-1.572541942,
-1.537152566,
-1.501763197,
-1.466373821,
-1.686557543,
-1.573792809,
-1.50281077,
-1.689382884,
-1.684360746,
-1.566885036,
-1.638813004,
-1.610229758,
-1.635041734,
-1.588243124,
-1.532022561,
-1.877529473,
-1.626248325,
-1.588243124,
-1.549926763,
-1.593271486,
-1.558091627,
-1.604579075,
-1.623734144,
-1.630330757,
-1.574110193,
-1.573792809,
-1.597665078,
-1.526054494,
-1.674932569,
-1.675561114,
-1.682786272,
-1.711998063,
-1.665827999,
-1.676189659,
-1.650437978,
-1.677135589,
-1.675249953,
-1.685928998,
-1.690011429,
-1.6130551,
-1.673053157,
-1.833867367,
-1.875954999,
-1.65326332,
-1.679021224,
-1.651377684,
-1.645727001,
-1.647923797,
-1.674932569,
-1.620280257,
-1.66613916,
-1.678392679,
-1.685300452,
-1.680589475,
-1.675878498,
-1.671167521,
-1.666456544,
-1.648552343,
-1.661764237,
-1.675249953,
-1.603633146,
-1.676507044,
-1.671167521,
-1.641009801,
-1.66708509,
-1.567513581,
-1.624991234,
-1.682475111,
-1.61431219,
-1.593271486,
-1.597353918,
-1.667396251,
-1.599868098,
-1.607087032,
-1.630019596,
-1.531076632,
-1.598611008,
-1.559348717,
-1.664253525,
-1.643523981,
-1.607087032,
-1.634419412,
-1.567513581,
-1.685928998,
-1.656717206,
-1.533279652,
-1.664253525,
-1.543958696,
-1.566256491,
-1.588560509,
-1.550549085,
-1.537673245,
-1.5750499,
-1.58887167,
-1.657345751,
-1.646666707,
-1.642266891,
-1.659859932,
-1.680589475,
-1.682475111,
-1.684671907,
-1.689382884,
-1.673053157,
-1.665510615,
-1.667396251,
-1.599550714,
-1.670538976,
-1.50281077,
-1.670850137,
-1.676189659,
-1.672107228,
-1.671167521,
-1.632216392,
-1.646455118,
-1.660693843,
-1.674932569,
-1.637873298,
-1.668024796,
-1.679332385,
-1.674932569,
-1.712626608,
-1.674932569,
-1.745292286,
-1.70634738,
-1.676189659,
-1.670850137,
-1.674932569,
-1.644152527,
-1.676189659,
-1.676818205,
-1.680589475,
-1.676189659,
-1.680272091,
-1.674932569,
-1.672424612,
-1.638501843,
-1.642266891,
-1.674304024,
-1.644781072,
-1.677135589,
-1.679021224,
-1.712626608,
-1.683414817,
-1.679332385,
-1.713566314,
-1.681846566,
-1.745920832,
-1.747177922,
-1.713883699,
-1.74309549,
-1.712626608,
-1.710112428,
-1.713883699,
-1.711369518,
-1.746549377,
-1.679643546,
-1.713255154,
-1.709483883,
-1.713883699,
-1.713255154,
-1.71545195,
-1.659542548,
-1.717026424,
-1.717966131,
-1.691579681,
-1.685611613,
-1.712943993,
-1.748746173,
-1.722521527,
-1.747489083,
-1.745292286,
-1.713255154,
-1.722365947,
-1.748435012,
-1.715769334,
-1.722994492,
-1.748435012,
-1.713255154,
-1.748746173,
-1.691579681,
-1.716080495,
-1.713883699,
-1.714823405,
-1.713255154,
-1.722365947,
-1.748435012,
-1.716080495,
-1.691579681,
-1.71765497,
-1.713255154,
-1.717337585,
-1.722677108,
-1.812198117,
-1.777646803,
-1.780160984,
-1.754403079,
-1.747489083,
-1.776700874,
-1.777646803,
-1.744663741,
-1.722365947,
-1.748435012,
-1.778903894,
-1.722994492,
-1.749063557,
-1.713255154,
-1.748746173,
-1.748746173,
-1.754403079,
-1.747489083,
-1.745292286,
-1.746238216,
-1.744663741,
-1.722365947,
-1.748435012,
-1.747489083,
-1.754403079,
-1.749063557,
-1.744663741,
-1.748746173,
-1.722677108,
-1.749374718,
-1.746238216,
-1.748746173,
-1.722994492,
-1.778903894,
-1.713883699,
-1.746238216,
-1.713255154,
-1.690951136,
-1.717026424,
-1.747489083,
-1.691579681,
-1.71765497,
-1.744663741,
-1.717337585,
-1.739952764,
-1.679021224,
-1.744035196,
-1.714823405,
-1.742149561,
-1.744981125,
-1.713255154,
-1.714512244,
-1.715769334,
-1.713883699,
-1.74309549,
-1.744035196,
-1.710112428,
-1.745292286,
-1.711369518,
-1.715140789,
-1.711058357,
-1.713255154,
-1.709483883,
-1.713883699,
-1.681846566,
-1.71545195,
-1.690951136,
-1.717026424,
-1.749374718,
-1.691579681,
-1.717026424,
-1.712943993,
-1.717337585,
-1.69126852,
-1.716080495,
-1.713883699,
-1.713255154,
-1.690951136,
-1.717026424,
-1.715769334,
-1.660171093,
-1.717026424,
-1.711649563,
-1.706272701,
-1.691579681,
-1.65326332,
-1.682475111,
-1.683414817,
-1.681846566,
-1.659542548,
-1.685611613,
-1.65326332,
-1.660171093,
-1.71765497,
-1.776072329,
-1.685928998,
-1.69126852,
-1.686557543,
-1.683414817,
-1.685928998,
-1.660171093,
-1.684671907,
-1.682475111,
-1.683414817,
-1.650437978,
-1.62813396,
-1.654203026,
-1.65326332,
-1.628762505,
-1.686240159,
-1.681846566,
-1.685928998,
-1.659542548,
-1.685611613,
-1.686557543,
-1.628762505,
-1.654203026,
-1.681529182,
-1.65452041,
-1.628451344,
-1.684671907,
-1.619651712,
-1.681846566,
-1.659542548,
-1.685611613,
-1.684360746,
-1.660171093,
-1.685611613,
-1.650437978,
-1.685928998,
-1.628762505,
-1.684671907,
-1.651066523,
-1.683414817,
-1.650437978,
-1.62813396,
-1.622794438,
-1.65326332,
-1.628762505,
-1.654831571,
-1.619023167,
-1.591697011,
-1.628451344,
-1.655148955,
-1.683414817,
-1.65452041,
-1.597353918,
-1.65326332,
-1.682475111,
-1.652006229,
-1.650437978,
-1.596725372,
-1.654203026,
-1.65326332,
-1.660171093,
-1.654831571,
-1.681846566,
-1.65452041,
-1.621854732,
-1.651066523,
-1.65452041,
-1.628451344,
-1.652006229,
-1.650437978,
-1.62813396,
-1.681846566,
-1.655148955,
-1.652006229,
-1.65452041,
-1.628762505,
-1.684671907,
-1.660171093,
-1.654831571,
-1.650437978,
-1.65326332,
-1.654203026,
-1.652006229,
-1.628762505,
-1.62813396,
-1.65452041,
-1.65326332,
-1.650437978,
-1.654831571,
-1.651066523,
-1.654203026,
-1.684671907,
-1.682475111,
-1.683414817,
-1.650437978,
-1.62813396,
-1.654203026,
-1.684671907,
-1.660171093,
-1.686240159,
-1.713255154,
-1.685928998,
-1.716080495,
-1.682475111,
-1.717337585,
-1.628451344,
-1.683414817,
-1.650437978,
-1.659542548,
-1.681846566,
-1.686557543,
-1.652006229,
-1.685928998,
-1.628762505,
-1.684671907,
-1.628762505,
-1.654831571,
-1.650437978,
-1.716080495,
-1.717026424,
-1.714823405,
-1.691579681,
-1.722365947,
-1.685928998,
-1.778903894,
-1.776072329,
-1.780472145,
-1.745292286,
-1.7798436,
-1.716397879,
-1.708961132,
-1.707747604,
-1.691579681,
-1.749063557,
-1.778903894,
-1.777957964,
-1.776072329,
-1.772307281,
-1.717026424,
-1.753774534,
-1.691579681,
-1.723934198,
-1.843606705,
-1.804655575,
-1.767596304,
-1.791468574,
-1.8178488,
-1.810623642,
-1.842660775,
-1.840781363,
-1.839835434,
-1.835124457,
-1.843289321,
-1.787379918,
-1.79492246,
-1.785811667,
-1.786751373,
-1.812509278,
-1.839835434,
-1.80748714,
-1.785183122,
-1.794293915,
-1.834813296,
-1.812198117,
-1.800261982,
-1.809210972,
-1.818166184,
-1.795706586,
-1.836070386,
-1.813610788,
-1.822559777,
-1.800106402,
-1.809055391,
-1.786595793,
-1.795551005,
-1.835908582,
-1.813455207,
-1.822559777,
-1.831353186,
-1.808899811,
-1.786440212,
-1.763980614,
-1.772935826,
-1.813293404,
-1.786440212,
-1.810623642,
-1.7798436,
-1.809366552,
-1.777018258,
-1.803715869,
-1.843289321,
-1.787379918,
-1.763513872,
-1.785811667,
-1.818166184,
-1.78110069,
-1.808426846,
-1.80748714,
-1.753774534,
-1.794293915,
-1.771989897,
-1.812198117,
-1.808426846,
-1.746238216,
-1.754403079,
-1.811880733,
-1.747489083,
-1.809366552,
-1.776072329,
-1.740898694,
-1.748435012,
-1.753774534,
-1.722994492,
-1.755342786,
-1.749374718,
-1.773246987,
-1.736181493,
-1.760053763,
-1.755031625,
-1.747806467,
-1.7798436,
-1.777957964,
-1.777018258,
-1.760053763,
-1.780783306,
-1.786751373,
-1.777018258,
-1.76727892,
-1.757545805,
-1.747806467,
-1.706658541,
-1.634102027,
-1.750003263,
-1.696296881,
-1.699122223,
-1.657974297,
-1.742466945,
-1.732727607,
-1.597353918,
-1.776072329,
-1.736181493,
-1.696296881,
-1.750631809,
-1.710740973,
-1.733673536,
-1.756599876,
-1.71670904,
-1.708226792,
-1.761628237,
-1.814394913,
-1.840152818,
-1.771050191,
-1.761628237,
-1.815023459,
-1.805601505,
-1.701947564,
-1.786751373,
-1.777329419,
-1.799316053,
-1.789894099,
-1.780472145,
-1.802458779,
-1.761628237,
-1.783614871,
-1.805601505,
-1.76476474,
-1.786751373,
-1.808738007,
-1.799316053,
-1.789894099,
-1.780472145,
-1.771050191,
-1.761628237,
-1.815023459,
-1.774192917,
-1.796179551,
-1.786751373,
-1.777329419,
-1.799316053,
-1.789894099,
-1.749063557,
-1.802458779,
-1.667396251,
-1.815023459,
-1.774192917,
-1.76476474,
-1.786751373,
-1.777329419,
-1.799316053,
-1.758485511,
-1.811880733,
-1.771050191,
-1.793036825,
-1.815023459,
-1.805601505,
-1.796179551,
-1.786751373,
-1.808738007,
-1.767907465,
-1.727076924,
-1.780472145,
-1.771050191,
-1.730213426,
-1.752206283,
-1.677764134,
-1.7418384,
-1.75691726,
-1.771989897,
-1.787068757,
-1.770732807,
-1.817220255,
-1.800890528,
-1.845803501,
-1.859307887,
-1.827270754,
-1.798376347,
-1.813455207,
-1.828527844,
-1.812198117,
-1.827270754,
-1.810941027,
-1.794605076,
-1.809683936,
-1.824762797,
-1.814706074,
-1.798376347,
-1.807169756,
-1.793976531,
-1.837321253,
-1.789582938,
-1.804655575,
-1.819734436,
-1.834813296,
-1.849885933,
-1.833556206,
-1.817220255,
-1.832299115,
-1.815963165,
-1.831042025,
-1.846120885,
-1.673681702,
-1.844863795,
-1.828527844,
-1.812198117,
-1.808426846,
-1.810941027,
-1.606147326,
-1.809683936,
-1.824762797,
-1.839835434,
-1.823505706,
-1.807169756,
-1.822248616,
-1.837321253,
-1.820991526,
-1.836070386,
-1.819734436,
-1.834813296,
-1.818477345,
-1.802147618,
-1.807798301,
-1.832299115,
-1.85679993,
-1.777646803,
-1.795862166,
-1.829784935,
-1.832299115,
-1.828527844,
-1.834184751,
-1.83041348,
-1.83292766,
-1.826013664,
-1.836692708,
-1.812198117,
-1.786440212,
-1.807798301,
-1.810312482,
-1.806541211,
-1.809055391,
-1.802147618,
-1.795233621,
-1.80402703,
-1.803398485,
-1.805912665,
-1.799004892,
-1.807798301,
-1.848000298,
-1.869364609,
-1.865593338,
-1.874386747,
-1.867478974,
-1.863707703,
-1.869364609,
-1.862450613,
-1.871244022,
-1.895744836,
-1.873129657,
-1.864647409,
-1.868736064,
-1.861822068,
-1.873758202,
-1.885694337,
-1.864647409,
-1.871872567,
-1.866533045,
-1.876900928,
-1.862139452,
-1.869364609,
-1.857739636,
-1.864964793,
-1.862767997,
-1.873129657,
-1.867790135,
-1.881300744,
-1.863396542,
-1.876900928,
-1.858996726,
-1.872501112,
-1.860882361,
-1.868107519,
-1.859625271,
-1.873129657,
-1.870932861,
-1.881300744,
-1.860253816,
-1.895744836,
-1.912391947,
-1.922759831,
-1.933121491,
-1.962333282,
-1.92024565,
-1.965787169,
-1.974586801,
-1.953539873,
-1.995316344,
-2.005678005,
-1.9846373,
-2.026413771,
-2.036775431,
-2.015734727,
-2.038661067,
-2.030178819,
-2.053111382,
-2.025785226,
-2.037092816,
-2.078863063,
-2.065676062,
-2.068184019,
-2.031435909,
-2.095199014,
-2.061276246,
-2.096767265,
-2.069441109,
-2.13634694,
-2.109020784,
-2.081694628,
-2.054368472,
-2.089859492,
-2.156759099,
-2.129432943,
-2.164930186,
-2.13760403,
-2.468032081,
-2.135718395,
-2.128182076,
-2.165558731,
-2.140111988,
-2.177494866,
-2.152048122,
-2.158016189,
-2.163984257,
-2.169952324,
-2.144511804,
-2.150479871,
-2.156447938,
-2.162416006,
-2.168384073,
-2.16178746,
-2.14891162,
-2.186288275,
-2.160847754,
-2.166815822,
-2.172783889,
-2.178745733,
-2.216128611,
-2.190681868,
-2.196649935,
-2.171209414,
-2.208586069,
-2.183145549,
-2.189113616,
-2.195081684,
-2.169641163,
-2.207017818,
-2.181577298,
-2.218953953,
-2.193513432,
-2.168066689,
-2.205449567,
-2.180002823,
-2.217385701,
-2.191938958,
-2.166498437,
-2.203875092,
-2.178434572,
-2.215811227,
-2.190370707,
-2.196338774,
-2.201360912,
-2.203246547,
-2.178745733,
-2.217068317,
-2.223976091,
-2.210160544,
-2.1847138,
-2.218953953,
-2.228064746,
-2.169641163,
-2.202618002,
-2.229315613,
-2.237169316,
-2.190999252,
-2.205760728,
-2.202306841,
-2.208274908,
-2.189431,
-2.195399068,
-2.22617911,
-2.205760728,
-2.187856526,
-2.1994815,
-2.19602139,
-2.207017818,
-2.192567503,
-2.201678296,
-2.210789089,
-2.219893659,
-2.223976091,
-2.207957524,
-2.191938958,
-2.188485071,
-2.219265114,
-2.196338774,
-2.204821022,
-2.213297046,
-2.225233181,
-2.212046179,
-2.198852954,
-2.18565973,
-2.193196048,
-2.206389273,
-2.219582498,
-2.232775723,
-2.214554137,
-2.227747362,
-2.209531999,
-2.191310413,
-2.204503638,
-2.186288275,
-2.450756425,
-2.212668501,
-2.195399068,
-2.207017818,
-2.220839588,
-2.234343974,
-2.216757156,
-2.228375907,
-2.210789089,
-2.223976091,
-2.205760728,
-2.220522204,
-2.20073859,
-2.212668501,
-2.195710229,
-2.208903454,
-2.190681868,
-2.204821022,
-2.216439772,
-2.196649935,
-2.213614431,
-2.227747362,
-2.216128611,
-2.232775723,
-2.218953953,
-2.23528368,
-2.189742161,
-2.206706657,
-2.22366493,
-2.240623202,
-2.194770523,
-2.209531999,
-2.228693291,
-2.214554137,
-2.200110045,
-2.216757156,
-2.234972519,
-2.220211043,
-2.237169316,
-2.222096678,
-2.241880293,
-2.227118816,
-2.244711857,
-2.19853557,
-2.247537199,
-2.201360912,
-2.25005138,
-2.23654077,
-2.254133811,
-2.239372335,
-2.225233181,
-2.241880293,
-2.227747362,
-2.245968948,
-2.232775723,
-2.247537199,
-2.230890087,
-2.217385701,
-2.22617911,
-2.212668501,
-2.229004452,
-2.220839588,
-2.230890087,
-2.241251747,
-2.226490271,
-2.554721526,
-2.231518632,
-2.241880293,
-2.223976091,
-2.239054951,
-2.225861726,
-2.207957524,
-2.252876721,
-2.23654077,
-2.251619631,
-2.240623202,
-2.247537199,
-2.234032813,
-2.278634626,
-2.264184311,
-2.24910545,
-2.295281737,
-2.278006081,
-2.291821627,
-2.27674899,
-2.287739196,
-2.308468739,
-2.259155949,
-2.27423481,
-2.28931367,
-2.279263171,
-2.287739196,
-2.270152378,
-2.296221443,
-2.268577903,
-2.285542399,
-2.300621259,
-2.283345603,
-2.265752562,
-2.292450173,
-2.263555765,
-2.283656764,
-2.297478534,
-2.592415565,
-2.578282634,
-2.279263171,
-2.264495471,
-2.279574332,
-2.293078718,
-2.273606265,
-2.288685125,
-2.275174516,
-2.292767557,
-2.284913854,
-2.269834994,
-2.26167013,
-2.279574332,
-2.272666558,
-2.289624831,
-2.281771128,
-2.271720629,
-2.610630928,
-2.288685125,
-2.280202877,
-2.272038013,
-2.294653192,
-2.286482105,
-2.307840194,
-2.299364169,
-2.287739196,
-2.31098292,
-2.302818056,
-2.293707263,
-2.286482105,
-2.306900488,
-2.296849989,
-2.288685125,
-2.311928849,
-2.30187835,
-2.290881921,
-2.314125645,
-2.274545971,
-2.296849989,
-2.319776328,
-2.310043213,
-2.331712463,
-2.321979348,
-2.31224001,
-2.327630031,
-2.322919054,
-2.314436806,
-2.303757762,
-2.326372941,
-2.349305504,
-2.306900488,
-2.329833051,
-2.35024521,
-2.654610419,
-2.346480162,
-2.319776328,
-2.342708891,
-2.332029847,
-2.323236438,
-2.312868555,
-2.336740824,
-2.326690325,
-2.315693897,
-2.337369369,
-2.295592898,
-2.318208077,
-2.33862646,
-2.329833051,
-2.321033419,
-2.31224001,
-2.304386307,
-2.293707263,
-2.286170944,
-2.308786123,
-2.328887121,
-2.323864983,
-2.344905688,
-2.304703691,
-2.326372941,
-2.318525461,
-2.340823256,
-2.30093242,
-2.323547599,
-2.32359512,
-2.323642647,
-2.323690167,
-2.323737688,
-2.323785214,
-2.323832735,
-2.323880261,
-2.323927782,
-2.323975302,
-2.324022829,
-2.32407035,
-2.32411787,
-2.324165397,
-2.324212917,
-2.324260438,
-2.324307965,
-2.324355485,
-2.324403012,
-2.324450532,
-2.324498053,
-2.32454558,
-2.3245931,
-2.324640621,
-2.324688147,
-2.324735668,
-2.324783188,
-2.324830715,
-2.324878236,
-2.324925762,
-2.324973283,
-2.325020803,
-2.32506833,
-2.325115851,
-2.310354374,
-2.332969553,
-2.324176144,
-2.342080346,
-2.331712463,
-2.352759391,
-2.314125645,
-2.332029847,
-2.321661964,
-2.311928849,
-2.332341008,
-2.321979348,
-2.311611465,
-2.335794895,
-2.322290509,
-2.308786123,
-2.314125645,
-2.344594527,
-2.331083918,
-2.342708891,
-2.335483734,
-2.353387936,
-2.33988355,
-2.357787752,
-2.344277143,
-2.330772757,
-2.348676959,
-2.335172573,
-2.353070552,
-2.308157578,
-2.32606178,
-2.343965982,
-2.330455373,
-2.316950987,
-2.303446601,
-2.321350803,
-2.307840194,
-2.325744396,
-2.343648598,
-2.361552799,
-2.348359575,
-2.365952615,
-2.320404874,
-2.306900488,
-2.32731887,
-2.354956187,
-2.32857596,
-2.316639826,
-2.334226644,
-2.352759391,
-2.33862646,
-2.323547599,
-2.341451801,
-2.326690325,
-2.312868555,
-2.329515667,
-2.348048414,
-2.365006686,
-2.351819684,
-2.368466796,
-2.386053614,
-2.339566166,
-2.357470368,
-2.403640431,
-2.360295709,
-2.37663166,
-2.363127274,
-2.380714092,
-2.366892322,
-2.351819684,
-2.369717663,
-2.355273571,
-2.373488934,
-2.359038619,
-2.343965982,
-2.329833051,
-2.347419868,
-2.36532407,
-2.382910888,
-2.368149412,
-2.386364775,
-2.370035047,
-2.378828456,
-2.368777957,
-2.383856817,
-2.398929454,
-2.382599727,
-2.397672364,
-2.381342637,
-2.365006686,
-2.376942821,
-2.395164407,
-2.190370707,
-2.362498729,
-2.377571366,
-2.643931375,
-2.382599727,
-2.422801724,
-2.406471996,
-2.390136046,
-2.436623494,
-2.200421206,
-2.309725829,
-2.450445264,
-2.46520674,
-2.448242244,
-2.434109313,
-2.451073809,
-2.463009943,
-2.445734287,
-2.462692559,
-2.445416903,
-2.457353037,
-2.475574623,
-2.609691222,
-2.460178379,
-2.457981582,
-2.458927512,
-2.482482397,
-2.451702354,
-2.480596761,
-2.468978011,
-2.444788357,
-2.474000149,
-2.471803352,
-2.47902851,
-2.498812124,
-2.46520674,
-2.494418531,
-2.460806924,
-2.490018715,
-2.487821919,
-2.495047076,
-2.533680822,
-2.478082581,
-2.516716326,
-2.492532896,
-2.468349466,
-2.538391799,
-2.482793558,
-2.521427303,
-2.497243873,
-2.50446903,
-2.4802856,
-2.550327933,
-2.494729692,
-2.533363438,
-2.509180007,
-2.547813753,
-2.523630323,
-2.562264068,
-2.506665827,
-2.513890984,
-2.55252473,
-2.5283413,
-2.252876721,
-2.542791615,
-2.518601961,
-2.557235707,
-2.573882818,
-2.571686022,
-2.578911179,
-2.586136337,
-2.593361495,
-2.600586652,
-2.60781181,
-2.583622156,
-2.590847314,
-2.598072472,
-2.573882818,
-2.581107976,
-2.588333133,
-2.595558291,
-2.571368638,
-2.578593795,
-2.585818953,
-2.59304411,
-2.663086444,
-2.701720189,
-2.708945346,
-2.653353329,
-2.691987074,
-2.636388833,
-2.675022578,
-2.682247736,
-2.658064306,
-2.665289463,
-2.672508398,
-2.648324967,
-2.781190699,
-2.69418387,
-2.701409028,
-2.677225598,
-2.715859343,
-2.69166969,
-2.698894847,
-2.674711417,
-2.713345163,
-2.689155509,
-2.727795478,
-2.672197237,
-2.710830982,
-2.749464727,
-2.850921871,
-2.701091644,
-2.739725389,
-2.675339962,
-2.713973708,
-2.909656615,
-2.665600624,
-2.672825782,
-2.680050939,
-2.750093272,
-2.694501255,
-2.701720189,
-2.708945346,
-2.716170504,
-2.723395662,
-2.699212232,
-2.737845977,
-2.713656323,
-2.720881481,
-2.696698051,
-2.735331796,
-2.711148366,
-2.749782111,
-2.725592458,
-2.701409028,
-2.740042773,
-2.715859343,
-2.730620819,
-2.737845977,
-2.745071134,
-2.720881481,
-2.728106639,
-2.703923209,
-2.742556954,
-2.7183673,
-2.757001046,
-2.85845819,
-2.758886681,
-2.754175704,
-2.78150186,
-2.744125205,
-2.739725389,
-2.735960341,
-2.763286497,
-2.74349666,
-2.754493088,
-2.715859343,
-2.743185499,
-2.770511655,
-2.703605824,
-2.727795478,
-2.755432795,
-2.720252936,
-2.77898768,
-2.710519821,
-2.737845977,
-2.700780483,
-2.759515226,
-2.721198865,
-2.750721818,
-2.712088072,
-2.739725389,
-2.756372501,
-2.713656323,
-2.771768745,
-2.71711021,
-2.743814044,
-2.707059711,
-2.7711402,
-2.725592458,
-2.750093272,
-2.713027778,
-2.740042773,
-2.766740384,
-2.731560525,
-2.726221003,
-2.753235998,
-2.765483294,
-2.732189071,
-2.726538387,
-2.752607453,
-2.779616225,
-2.74349666,
-2.739103067,
-2.764854749,
-2.729363729,
-2.755750179,
-2.718995846,
-2.745071134,
-2.708316801,
-2.734385867,
-2.760461156,
-2.755121634,
-2.781190699,
-2.807259765,
-2.770511655,
-2.827989308,
-2.791241198,
-2.848718852,
-2.780562154,
-2.80663122,
-2.76988311,
-2.827360763,
-2.790612653,
-2.785273131,
-2.798777517,
-2.829557559,
-2.773965542,
-2.781190699,
-2.788415857,
-2.795634791,
-2.802859949,
-2.795634791,
-2.802859949,
-2.810085106,
-2.817310264,
-2.824535422,
-2.810085106,
-2.817310264,
-2.824535422,
-2.831760579,
-2.838985737,
-2.846204671,
-2.831760579,
-2.838985737,
-2.773965542,
-2.781190699,
-2.788415857,
-2.795634791,
-2.802859949,
-2.829874944,
-2.824535422,
-2.841493694,
-2.815742013,
-2.827678147,
-2.83207174,
-2.842122239,
-2.852172738,
-2.862229461,
-2.87227996,
-2.882330459,
-2.892380958,
-2.846204671,
-2.853429829,
-2.860654986,
-2.867880144,
-2.853429829,
-2.861283531,
-2.866623054,
-2.871962576,
-2.877302098,
-2.88264162,
-2.873219666,
-2.833957376,
-2.85971528,
-2.892063574,
-2.866311893,
-2.840553988,
-2.877619482,
-2.882330459,
-2.888927071,
-2.864737418,
-2.900234661,
-2.874476756,
-3.1,
-2.854375758,
-2.891123868,
-2.866623054,
-2.871334031,
-2.876990937,
-2.851233032,
-2.888298526,
-2.893949209,
-2.899606116,
-2.873848211,
-2.879505117,
-2.885155801,
-2.890812707,
-2.865054802,
