x1,x2,x3,x4,x5,x6,wavy6D_output
0.02771273928251694,0.9067000554840227,0.8813935546997342,0.6248972754209087,0.7907148110979404,0.8259080143630941,-5.378960185221159
0.8417058359864552,0.47172794771859994,0.9572287798493941,0.9465915329806092,0.5298597173886753,0.08364013148965865,-5.746152278826376
0.2698442569260787,0.053799837138243434,0.5666184899872725,0.018917737336582974,0.2053736209108442,0.24935482968037548,-4.894332725729557
0.8987780169524883,0.1077972932112462,0.7486781126913656,0.7147036157579966,0.7407790819661773,0.9451174787814794,-4.713160590208127
0.45946087145290726,0.23163496926697036,0.4649737717929544,0.6307105139811512,0.9655498766097741,0.9970821782965082,-5.37382152219824
0.6517801319781344,0.6146723174671777,0.37655229932526635,0.3159350873239578,0.07477224521997095,0.8737615203696055,-6.2046020969066085
0.078616981875818,0.13506619177853307,0.2578218127255736,0.9913055263229653,0.764256784193672,0.8988829862504748,-4.8071512469789575
0.3507812177817894,0.3935562737748374,0.4984664764409207,0.041899842859353775,0.9294748802420992,0.18794055410599542,-5.5770148999277565
0.3855837503183809,0.7413046271271532,0.622174203238362,0.5098160981372111,0.787822068475865,0.9244976968312634,-6.054878660621747
0.8801601774073875,0.4930525943346049,0.11852693702129025,0.8876704221454998,0.7525965461965808,0.07750756957735605,-5.472662351100655
0.7040410870867442,0.7213490572544439,0.3292846847679156,0.33099125027686227,0.6641074511658044,0.33148171345393906,-6.30240268639828
0.47531149346590873,0.8760486477473726,0.8937013779716545,0.18595071034515775,0.08312524859169601,0.17009147273342384,-5.758568627349164
0.00016262491371910048,0.29537269676213906,0.9251078135276781,0.4459320860762127,0.7300294480162057,0.7306500419811496,-4.795056794636962
0.4172221815118776,0.20084599344950915,0.3487967857914266,0.678672185967609,0.48483077744976266,0.8969337053560645,-5.23389794354013
0.021626086904574904,0.3525808698727897,0.7962494787848624,0.32863082992035986,0.5336764972687719,0.23897928202500884,-5.024088156404444
0.16986697160612896,0.7229253356208172,0.7755632900257976,0.47303639173108625,0.8781379763242215,0.9001781965901524,-6.146921286039573
0.5837172459319447,0.23842766843744567,0.027532336573062532,0.6077031101944803,0.32764005986065037,0.5447607598443465,-5.441547265029832
0.5520337475004179,0.5140696151222998,0.34878586724587135,0.02025262614554002,0.4655652637081523,0.8370641675138919,-5.835117885957301
0.8245167071623563,0.5902440417014577,0.9921348119296277,0.13350890660817083,0.3690808962485185,0.5011097696723826,-5.876243125103885
0.14210158073791468,0.6517109257756992,0.8208017000135956,0.15346270867806833,0.12839580303804632,0.4024792098414125,-5.914028299802463
0.3845433140897111,0.9067971590620866,0.4101001985771032,0.023978086674002252,0.12806603590551824,0.13685676936950775,-5.648950157933108
0.33731689335181836,0.22635956655061673,0.6280984229665547,0.7258709091695114,0.006093195015242636,0.4928641185656677,-5.3632868252473
0.8191379242003368,0.27740429293681,0.29614857918577575,0.7795238475384746,0.9632212567481607,0.8715256461347944,-5.487117450005418
0.07593459226921495,0.6310744195570995,0.3505847940231712,0.5092849243052437,0.8994009595229667,0.20214891964835968,-5.719203930881956
0.9727951532187677,0.8541624864626081,0.91367213434859,0.06652320106714671,0.5225535214920242,0.6712051998193719,-4.9704387821810245
0.5966001571297294,0.7609192559351444,0.0543756482301484,0.7194385589650832,0.6489386698909952,0.0736902815405438,-6.136588122063129
0.1573175133853696,0.6988149023298961,0.4028491965179959,0.03117527167034284,0.7970891250370886,0.19660987083794235,-5.955452991004748
0.21596677210647441,0.04204952230816694,2.084883961028794e-05,0.9885989969107003,0.28549142056705945,0.9381461418963373,-4.842738541025939
0.20451180610293296,0.023964479425613527,0.5905181022371805,0.5244331315683026,0.9675225946151772,0.8954642528673042,-5.065237406332344
0.6467352659137272,0.3937831212246713,0.818954588868226,0.0746843509007884,0.4011690583961849,0.016721470189237975,-5.903876611475752
0.34225723509533934,0.12241046478275852,0.48652100406463283,0.5431866743988629,0.9192474343386123,0.2847359535233639,-5.175010253418768
0.18546007465842151,0.9962381854009372,0.597835349861082,0.6830601881370851,0.9216244029204481,0.5383321601480928,-5.907120177476238
0.7478985587231255,0.4462207376405224,0.34177154717124714,0.053882018370039475,0.03889779006800842,0.5079601311881684,-5.881654530571693
0.8085069334496117,0.04547138387425398,0.7219473705005417,0.4562041595464167,0.059383663911595774,0.9010633736733388,-5.002705926519114
0.9192605360038179,0.010038849796430771,0.7644473341208718,0.7336779749614961,0.29849926414265704,0.07941751206498404,-4.368021512338002
0.5311429688970947,0.7987903725735662,0.8457770392838422,0.6324781811737514,0.21078606397331945,0.6779056777260397,-6.107479509621797
0.890311433705768,0.32961579498483573,0.11409689793893785,0.22339286080025256,0.7364559924526476,0.10683960764769074,-5.047658230085558
0.15372486502352423,0.10556183922761497,0.8809050397591291,0.47248289999307747,0.6545532182481241,0.8147339376778019,-5.117344671038463
0.24875795149453872,0.7048212921426311,0.5448628605710488,0.38815113799478485,0.4990374984247017,0.6542830621402103,-6.175306681713481
0.5574996241092538,0.5828238687559183,0.563167772532022,0.6732115140035074,0.431589545872334,0.4610444089317126,-6.155568705995887
0.8215397192437411,0.05289992248191189,0.9331715261912952,0.5695196253148661,0.12351062713670347,0.28887445358515973,-4.945039207464342
0.5098491641080958,0.6417878297376433,0.22355027348401546,0.4915490088293807,0.24892039825043288,0.9831224990232998,-5.948618963667154
0.965615674195938,0.5829342870468797,0.1993892447481168,0.22841058619815502,0.8199319712227382,0.6432942185138963,-5.029866077222402
0.09471312142754751,0.1760689052596608,0.3549655158206937,0.11410240425912921,0.6774797650709021,0.9274139616347388,-4.895850745918358
0.8552309563123246,0.9521485838563423,0.2843208265566809,0.6765572597423275,0.42305179106680646,0.8941151675329279,-5.634003469105656
0.30460913176033033,0.97943146801982,0.7819071294188645,0.1478165936337844,0.27154142183261976,0.8899717976874301,-5.75646727818421
0.18769025850577614,0.6939252479524366,0.7922823870854648,0.6778042217932956,0.16891813562811653,0.09775001579346598,-6.144266098352276
0.34402021814733263,0.1571807899267026,0.32332056027976086,0.2393515390784422,0.09645258751402608,0.3838898294492036,-5.051267570412475
0.9768477321401456,0.5018052019147475,0.310217266822412,0.363746321208111,0.25784064782043303,0.3271658830983387,-4.9127078120601295
0.5897885720816046,0.3194435418587057,0.19626331570493594,0.31733874506164383,0.7671513458255133,0.5115502207148724,-5.661291232659947
0.026090320017784108,0.304570629476251,0.40511617351907525,0.16261352381967453,0.848087202227121,0.5107891192405176,-4.8775464345935005
0.1809171980719596,0.28485323129613127,0.9214086810213558,0.5029476730311436,0.5419683287064794,0.32089387244069034,-5.581252414364479
0.7313661692635836,0.7321219750355108,0.8641196903938418,0.4326968392311974,0.005038387183982307,0.46008773529897484,-6.310814994651009
0.8377289787521213,0.3493553196742015,0.7215732784756104,0.9006333099402137,0.776200253554393,0.29695268004119524,-5.6293409414366735
0.0449714609722186,0.3409608915891902,0.2572565618566667,0.615580808379282,0.7956896680122729,0.4353744590830334,-5.155630610935435
0.9349735288381329,0.7040867688182331,0.5670235277718462,0.26986708975610596,0.31257795617034057,0.14972190079628478,-5.3577419346285104
0.31852682976370617,0.7148673654113036,0.3159684387031777,0.4752499135911721,0.9752095064884443,0.03047211268672745,-6.065990666200061
0.3422758417174405,0.4246310607382534,0.15050331063763855,0.6598099795399666,0.27953468463629794,0.5440091566901913,-5.719110082511897
0.5780257974066113,0.24531341470498924,0.20028448700425372,0.09681044582650233,0.5063355534872228,0.6023373119132347,-5.350836696635773
0.1986657851006537,0.6655301664592959,0.9044606185184665,0.45164728949401567,0.48723321642979656,0.6437781571754998,-6.1703265921945825
0.11577543885655905,0.3362099784859435,0.966087120154004,0.18053399303027273,0.5572163918106101,0.3058261041245244,-5.403493342451215
0.44890358082028947,0.26240987262687576,0.9149040448318206,0.8459399032285653,0.996921960445571,0.5534787341695988,-5.387350888146548
0.4019847728433076,0.03167695646156676,0.523950828964859,0.7367044913340498,0.7788459928878911,0.10927410870646215,-4.916822860165182
0.45285019927706094,0.7170635103248747,0.18738100060828133,0.6526063369515177,0.1955326810185123,0.6369074822763213,-5.897740967935318
0.5665319139073826,0.8726991963215966,0.5092114481704885,0.00825400104056817,0.1646359351672576,0.5660606555135919,-5.91686555931242
0.5392897971476432,0.8041132649141962,0.8307523853758033,0.5755690494832406,0.012456852716499434,0.5911024641781106,-6.0618623061140475
0.011593493116828557,0.9937287569820326,0.5071125786773174,0.06777902976863381,0.9548489858617754,0.04814266669437406,-4.9785121248265485
0.8301601464097063,0.018306524093318455,0.7223415833577356,0.9083988947480571,0.3115946056114448,0.25516633603512895,-4.877074034583723
0.28183817573489034,0.9251170652404284,0.9127434366951388,0.8293013008733151,0.38946475952550874,0.8475992445435543,-5.9756436122226235
0.4618687421902795,0.48712665732527693,0.8492357267112706,0.2911861011412439,0.20827665371014203,0.7470735935817204,-5.781387667208845
0.8066248909829078,0.35657522197993974,0.3269024282161833,0.5081510687483972,0.46054102574424594,0.39723253897678346,-5.702996952704975
0.43880034592746586,0.7047453470371832,0.9339820110519649,0.1544891621659923,0.3696717274015674,0.2668863581005778,-5.877669301793544
0.14563403833096322,0.3728276499507608,0.7131394395427104,0.13593686096504565,0.30984029687788694,0.636700620447076,-5.584715481128859
0.5850406408009665,0.1798736958920908,0.2820890614043312,0.44156698704356667,0.7280011014531272,0.32488614789757575,-5.390862198844888
0.6461929938722484,0.8974663325816707,0.8202458421532839,0.018288089031195387,0.6065257413599258,0.37615201000864606,-6.093005112388429
0.8392795982640449,0.15224111247038896,0.5119550970775328,0.6847808767826111,0.47498084264841056,0.6030642796299528,-5.16802534206238
0.4260638593610213,0.39960047974729396,0.6978532736326994,0.9534162485991338,0.6803512245541546,0.6911161884620898,-5.735517191516635
0.22562292400910944,0.47508280565092675,0.26990688906584726,0.22394169611493597,0.10104224520395455,0.014312309639474052,-5.790428412006628
0.20595691736607535,0.879919679021794,0.47881668311685266,0.7329650067943395,0.6678689257832379,0.4797304792890029,-6.083741885227376
0.2927331055172586,0.08123083707264789,0.3700273068071043,0.023311891185510025,0.4076884865557465,0.14431338778322222,-4.900570108660543
0.2598314264222924,0.8918418364976954,0.0676433803088844,0.46741297162994855,0.48934881505959327,0.692343377130535,-5.923281580858197
0.313850188286514,0.756798263131902,0.8166553106978548,0.11976714699223512,0.5442717012878879,0.4404662860792785,-5.9902250836184745
0.798399751097373,0.9815885847725518,0.6083448979003249,0.32033848201507953,0.5556726165592014,0.42077971016957516,-5.885296421567849
0.6022546920332114,0.151284307025207,0.6452229152163403,0.6786521057311979,0.4184190015985807,0.7848516553291226,-5.436403482591697
0.37492469954580665,0.5777897293880833,0.5232738112556602,0.9356953375212577,0.5966231712941089,0.4060145177905523,-5.982314704612433
0.7590052600112919,0.4494587404274001,0.7249740704807779,0.9478184038669439,0.8598997038388992,0.9452717521450124,-6.100722866965606
0.8408425025533075,0.7346160248302,0.1141012895020781,0.25811103626437104,0.8155542982725712,0.5620419093278948,-5.79828728006618
0.2716600787522587,0.5457336731471909,0.5375698184528717,0.7368646740646625,0.7289907376249083,0.49664011711416955,-6.122261105951904
0.4093159717091529,0.8182937664157174,0.4499248700863574,0.7212601666948304,0.6889772611865559,0.3217722808652592,-6.005544788293587
0.055194355075630974,0.29570156412059045,0.5347460700409188,0.6779690692386635,0.1610524858788469,0.16910946625527035,-5.132192556445718
0.8141423793176233,0.08028825994329969,0.4112852232080738,0.5382414812750634,0.8548350493617228,0.3351605219136672,-5.071109722865506
0.6655186579836587,0.9803900725564769,0.6386464336276754,0.5191911612908517,0.4999715770925689,0.060515903388455805,-6.161141188732399
0.693121274982046,0.6072999721041011,0.8468900555306276,0.7835651355892858,0.8670355786754581,0.341337206387165,-6.417256796621647
0.5712506520207312,0.062479534022284566,0.5654827183202606,0.4322729461130216,0.9015939164731994,0.5876021618482951,-5.13998752441973
0.8503589161568809,0.9181288886633342,0.24366683709278303,0.5813788868798562,0.10673202457283926,0.39221745188201895,-5.640479886979124
0.2093174371072699,0.9682924748153735,0.16178734374728587,0.5888322498573069,0.19071638086224363,0.08753812460877819,-5.785221623226301
0.5539199516622921,0.9360043751372688,0.04137847343682288,0.31501583920828236,0.590157970567465,0.08228767468852582,-5.779783434642027
0.2883163172644625,0.6113214598244936,0.5910346799418829,0.8402690877010479,0.27445425872988505,0.1430663160115211,-6.1444904638858775
0.4661117978950544,0.6388030730776457,0.5016548951924377,0.9216633860773981,0.5543678182039157,0.9940462184768307,-6.004604283074402
0.8887850407009603,0.6579374912443035,0.03740716291613788,0.08540110788358979,0.9128125880742713,0.8172608292991828,-5.38961985325132
0.12262286510344944,0.8092054887874688,0.21670351980018043,0.3951694946957559,0.18658202481632657,0.6360305559411198,-5.8190782066993965
0.8844742768445478,0.39353603447610785,0.7796692950634978,0.4255785554225019,0.2837882885051882,0.14916237772545204,-5.404383632723902
0.13430376645749575,0.3320232248902717,0.5091236458141101,0.6700604003535163,0.3684632735767669,0.27636516951475787,-5.624343902164412
0.16772544082970187,0.1285220908144178,0.3994485217515794,0.16801377343827495,0.8485579692059692,0.46617727505718587,-5.081685445451119
0.5624325176635736,0.06598843580130653,0.7708940224096297,0.24072168119170034,0.9457630906903964,0.8911766906336605,-5.046829937713677
0.20692997340562158,0.5732545269025082,0.12645261950231002,0.9431352296400494,0.4090218521140071,0.930488508476093,-5.979209606828066
0.5354028350110916,0.06861680431123163,0.9563468515692348,0.6043096895092854,0.9347054301297307,0.7733527304923118,-5.06658700382868
0.8589738062281155,0.19028900137104632,0.4672563347643113,0.35339524789761645,0.41008036919414537,0.22423279623193038,-5.077199588811144
0.7607473978567403,0.24133020467199762,0.7337198729925183,0.9722107441590213,0.8502700306023437,0.8873481895056577,-5.64569796662975
0.38941438380892146,0.6012743190031639,0.8207226716025093,0.040457894456801924,0.07640966853079534,0.5796605377642436,-5.804222020818234
0.8015960135754524,0.9170388553211506,0.9304350552856929,0.7047845945916464,0.6611689695489951,0.8318316413137087,-6.043533839554978
0.1478561960931789,0.6785669100159669,0.7373077097387843,0.07978914660511083,0.02551058027040809,0.3060758825814861,-5.908867542000118
0.07900972218157365,0.337886906045475,0.13002996138714618,0.8939255823743986,0.6999608334953408,0.49209293404707366,-5.261609750804641
0.10246460387633693,0.18941620041256169,0.42806608439355454,0.5136610514604154,0.6410064983998993,0.6429812250861096,-5.147639203981548
0.23751786541116382,0.9766352622134609,0.39409864097271585,0.7966772953467176,0.3074185227321702,0.4535665469158967,-5.875953870259222
0.708492242638021,0.10508559572436282,0.7399422449716778,0.667961099686079,0.023939977940633406,0.6607267814917319,-5.417736284619796
0.4802709487765261,0.8344114044720313,0.16085436813229503,0.6678174895318371,0.052014224822391486,0.777121937457077,-5.81646026178644
0.8951293805738694,0.6990849395581368,0.8165621671428057,0.40738495545643827,0.7206662689310301,0.7741463520330185,-5.663476004788889
0.7537881617971507,0.07641760930212282,0.8470979496135839,0.5105014225262123,0.2061548228051896,0.2020263066002036,-5.277446483336815
0.8257161123890565,0.0873096224018397,0.35877227421552493,0.9640558136802828,0.5976059266153552,0.5754544319736797,-4.999566041270934
0.5106388677599365,0.00331858664201079,0.4321454554143599,0.22952556056420315,0.8464882117618225,0.6346544729935647,-4.7930189770592175
0.6297222094264426,0.6292957942905819,0.022978043153541683,0.47064156080863895,0.6708374059347432,0.2513007384218324,-6.184572340318265
0.79816644496874,0.3231255930164918,0.520848711753486,0.6389051835282872,0.4525258339623053,0.5190468617293968,-5.727369801222881
0.7830453656975778,0.09798935929669317,0.982515173848605,0.9908000289803022,0.44630103775231267,0.45806567961180855,-5.156703913437829
0.12696800682195608,0.026426380148170447,0.2870662325870108,0.7628578847664782,0.4192113612061672,0.6665017763095332,-4.793819693731076
0.7775383857768056,0.3455481112600236,0.7101093728027922,0.5843731388711616,0.21451421460370235,0.5914999694113984,-5.829257544159055
0.8076101054277274,0.4187606983113539,0.8913197664039504,0.6481273383753565,0.8611444582152105,0.8295666328344696,-5.903232371980894
0.448948894715254,0.12078365278032921,0.6069881075917741,0.656028941182898,0.25841320528952283,0.34331301203772624,-5.079533673483489
0.22129782131936415,0.8385840616703173,0.3408177604326714,0.5582766900411893,0.8408893338294833,0.6015033250033471,-6.124924890468739
0.8286718707438157,0.9696767642134332,0.573806703069889,0.9250546501633029,0.9184206266412956,0.6246704518352515,-5.815778583346418
0.922267963002826,0.9570939035313459,0.41468337285579804,0.47731698124144883,0.9368075238805025,0.00431257550095665,-5.233017680260419
0.8044399321825492,0.947559946107822,0.09629983681319987,0.7085099545434531,0.19634588764087968,0.6719778364034056,-5.783586945976046
0.4414584140489999,0.16238170268408147,0.1426879666650388,0.5432306085012764,0.8806425610911005,0.3754734256545532,-5.048849437862198
0.43428167110815075,0.36460827193459355,0.9633713487795906,0.3839341260718907,0.7007715300631154,0.28584048394075245,-5.577416016453371
0.89585717810653,0.09374142151098996,0.8946921841348435,0.08298600227952335,0.30122509998891356,0.8538246142132424,-4.478212487053042
0.30839326343185414,0.0708729401825754,0.30498781957576426,0.16884858172079387,0.7164555679080525,0.8559510294237401,-4.918495129676325
0.921133359962849,0.12520516141456284,0.06695639012448218,0.8127152021367534,0.501568869250885,0.11699377322866533,-4.463221687768586
0.9311975075996773,0.09237585531050196,0.6743775192391529,0.01627819356022253,0.968812245892678,0.5156120541083496,-4.3088567540606455
0.065066740472006,0.812020033193578,0.11648435217727093,0.8809406086268858,0.32567979280917636,0.2923852230322618,-5.524308777130947
0.7400337757830922,0.8133870774866687,0.4875136159089518,0.8332831964887794,0.7772637569563956,0.34089580145878495,-6.354201964533318
0.5104301595843622,0.41974551593625176,0.08207354063259908,0.9612242385989291,0.9950450992643302,0.035853666969447695,-5.630164742468751
0.5488327628811466,0.8564073500037166,0.7118256961433546,0.15603138164628505,0.6450249154090528,0.6961359735409026,-5.9890420568907725
0.48533989945347,0.2954389178093907,0.5865537685894028,0.13642748344997535,0.6249632431583727,0.5777706406115847,-5.4188138250822835
0.6458905265624908,0.42606372180754726,0.6701961299827686,0.14407675802496622,0.3193253516570297,0.2589429805238488,-5.9819349559245145
0.5707652291440874,0.8151892011024269,0.5322141035919953,0.35610044533578133,0.5355348429736223,0.20794010164798415,-6.166969599200517
0.35817306467109844,0.15528589620590771,0.4124328813764151,0.6101766951954947,0.5030489537368048,0.552116977851176,-5.189435424821706
0.41314515784056727,0.4849666492502033,0.1366003761161957,0.5098438689024432,0.4357823750929889,0.1938637884242248,-5.733856266009285
0.32525822056921505,0.18565534835674147,0.17686212139326996,0.6906054594785734,0.25688974576989587,0.7367368558932417,-5.214366379411877
0.2033530611141271,0.009923745790888172,0.4846568430289492,0.530867118792313,0.3840190915065965,0.6868805764786382,-5.008784897432441
0.8422472309611224,0.925580056081716,0.7050247599541967,0.11963123212772353,0.5363053601826133,0.6037710748426238,-5.690750963753276
0.8941520869344987,0.217167634988627,0.48704662914881525,0.2179044678447809,0.04857486485147755,0.9621317176262124,-4.831243445575807
0.36430293086657883,0.7067713365640571,0.9641077234333765,0.7158625521776195,0.5324099760352228,0.6902329846240485,-6.048854326347872
0.1324997080136444,0.7891702141583203,0.4032013349400625,0.8111355763730922,0.05547019854409907,0.7101167642001033,-5.954533028915323
0.2546281622217802,0.4917722263050037,0.9269396528757353,0.607448160895845,0.8407961094753669,0.24857509025741165,-6.060972735911087
0.744078729207348,0.7541886668197498,0.9771005983075252,0.87534030956693,0.923726921864936,0.09296327161549767,-6.307698003893112
0.04639124358731428,0.7488787303726194,0.2975536251537898,0.026590456251864625,0.3842471495706099,0.43074580727625944,-5.399132079762964
0.1964948710738168,0.0405434342094928,0.3240395116414817,0.31703548201695775,0.22894640404539202,0.3739441022384963,-4.9301346653679134
0.8125779601056811,0.5363509012886156,0.26869216393744166,0.5574723523976086,0.5310945047212972,0.3362053929062625,-5.961964958745545
0.8693424270530655,0.1373288871619498,0.09636046429377665,0.6111042604619477,0.9845499113382419,0.8141121994101069,-4.787795622404092
0.2889512934942283,0.5069531829115442,0.05771487027094779,0.23939779793516092,0.3238695687045552,0.5594854152442958,-5.752386522511833
0.9986605982975434,0.09628985709960647,0.6594064157497086,0.3459010249826352,0.5422500529330251,0.7527338150313031,-4.079495589992376
0.23562830371124843,0.5408686237365262,0.20089680072899774,0.7059914921804703,0.8848253190691737,0.07365219889218622,-6.027133317611828
0.581275340057321,0.7757719141396122,0.6722423202305843,0.7620852850080344,0.6731646399082023,0.792586480647895,-6.279023040783146
0.9559077910457,0.23193450603454036,0.07021512692248066,0.6479055533426419,0.2999970987774746,0.6484819057364484,-4.495094687848985
0.8236127928372371,0.9481593860469558,0.1455534784103204,0.9789250327444147,0.9052832477977536,0.5064705752791384,-5.701304194817917
0.010274826029261552,0.14076599341295015,0.1548608494558399,0.2556013432668275,0.785352737741537,0.36328015894489063,-4.335387070193615
0.8207249751375604,0.5360495850531759,0.23105010374099766,0.5301206430810499,0.6068699248200776,0.35473722656554907,-5.928677282379127
0.467161494207313,0.4178953007795575,0.5696231067150518,0.5863466422768209,0.9362002902824296,0.1834380618209266,-5.803730191219248
0.6507373740558595,0.12754921844143108,0.5933470773043181,0.9608073665291007,0.042786660577048496,0.7016413786047727,-5.39767463920106
0.8679364062368339,0.7123139123479099,0.26923545857418196,0.9656823311770131,0.9675220688314669,0.5426902799204505,-5.717601984874894
0.5542068155626971,0.33381575233746785,0.7671367603427853,0.5011655595525286,0.560093751104998,0.1488389397775165,-5.758938991322103
0.008346407351050966,0.7149821597873663,0.6936659315659613,0.16458275128009248,0.11264235757680807,0.32316891400474135,-5.252720914315427
0.49837105147952876,0.44265026521563755,0.7628034764714706,0.061116083769819585,0.7201718653296402,0.3822927531977999,-5.7370672699973975
0.4589133851002085,0.5421897001901959,0.8815667259744162,0.05306378686977131,0.3590492130328585,0.5713656670390779,-5.764886814725818
0.5775129461927007,0.9233663320903337,0.5901774711588188,0.3452282723920964,0.9919496279725061,0.7981428893281659,-6.039218342465377
0.5650345485694198,0.509172178004531,0.7766310493805599,0.4634129176157794,0.6418383890891053,0.532665956832779,-6.096314295303632
0.25053245798638657,0.21074836784986317,0.5426146902734702,0.9256245051668409,0.4393912710274731,0.45235339691319965,-5.434460202445203
0.3408827193722279,0.23468884156093262,0.9854940007458267,0.5659220776555686,0.8691281840258083,0.4512483998277752,-5.389532486264287
0.6849201183352257,0.8396885254741479,0.832806017456012,0.6799848758070911,0.6977566619720995,0.8623557225157802,-6.359214462403935
0.5555534015583568,0.964653663250312,0.4217356900808489,0.6723644001927384,0.2482116814764448,0.5354966218758924,-5.925045317847869
0.31776043794028375,0.5718185398372718,0.37870685805204074,0.4511999631180008,0.6746916545590977,0.3669247367163725,-6.038778060926857
0.637455005588137,0.3355324566989,0.40921459140568484,0.2686611324884217,0.4390717374508192,0.08816144682287774,-5.82118257329052
0.9725462411422711,0.716083661744847,0.8286928976368998,0.5787516226745553,0.13190039998100278,0.5745970680473296,-5.196531415569009
0.22983895898558682,0.19533970847813142,0.13356639883368004,0.00938121023244054,0.5268895096674343,0.8895925983555418,-5.157208539271268
0.8865516138801318,0.5728234061459768,0.972500035442918,0.9070244494741886,0.9402281947720152,0.8732293245915749,-5.644042539569649
0.05648697751336618,0.2892355429647777,0.4571465048253972,0.5984197431999835,0.5897738695415417,0.2647032934821818,-5.132626431535359
0.6696721800485836,0.06981734976031062,0.5890000290378207,0.1495266788874563,0.46023537268271175,0.7464754936176345,-5.241618033226037
0.2047501454023548,0.45815429488272186,0.817876129963619,0.5788263393929718,0.9905477468778809,0.960088437949343,-5.992623394432844
0.9187378799407188,0.7854858508301004,0.7059647086276162,0.8424992759469199,0.7195744156696624,0.8474424103137473,-5.529681291854826
0.805569994395708,0.5905267178788898,0.5654614177072959,0.22347011408594952,0.3128810696070624,0.4479675282975145,-6.0146491035743015
0.5015735941924702,0.7317465188782994,0.9986336330193261,0.40404981142080987,0.5261911275037728,0.808453687434531,-6.012542614742039
0.8036325447641527,0.5809170372733947,0.8020451795129919,0.6057430149113611,0.17700514800819012,0.44821914527634255,-6.126399387222818
0.7190501243929883,0.5860978776456025,0.5352853738566925,0.4167002927796146,0.6035726674975969,0.1734847423393595,-6.348897504774271
0.5369910899062895,0.15864317029810526,0.6617408091537855,0.6622903798344126,0.07550642787224082,0.9887138297482313,-5.275172736045982
0.47515109539077705,0.8238589388315267,0.18032914297101021,0.888758151556874,0.7299242465148935,0.6453199294425563,-5.878304448674113
0.8436011024585688,0.731015504028328,0.19945820037715434,0.2741055578146846,0.922699245520937,0.019374592726494444,-5.8076672799881415
0.6330429026700511,0.4231844710301489,0.7472779059562157,0.5863184091257823,0.8256273770990888,0.8482628211041929,-6.118417715036237
0.1794754199412728,0.965219201297092,0.7354152208957458,0.9955136474402553,0.635647823694731,0.5672008595994827,-5.9041048729172685
0.6222142336226199,0.03166236730831451,0.5600045217159559,0.5561843287053201,0.1319518158815498,0.41809361101867715,-5.152244685105806
0.08014411764378881,0.6861287290010358,0.00255629594847806,0.6448668214637028,0.8321610724833342,0.5546212479205226,-5.682755667469092
0.8915601796677901,0.6207825817780871,0.8532826522478844,0.40824751931965253,0.6163975795602882,0.5491969355614642,-5.651682059145872
0.031049610627124524,0.2921254513837087,0.14177920230610175,0.8229028147615268,0.5544286181781158,0.8783878809333031,-4.862959380945215
0.7014319960447879,0.7679271596475781,0.19786610487976308,0.33726671527042884,0.027521839740821563,0.49729064594793415,-6.1915325011488225
0.5605533925974633,0.48781988284848954,0.39344416648817016,0.3595622236212521,0.01286608455371252,0.06874275842801925,-5.888252865282913
0.9026338962266796,0.8958962269815962,0.470908029299657,0.28624345636778414,0.8828158865711128,0.21453201440920888,-5.437025096158315
0.7965489947028921,0.6321163525216471,0.9212363097081484,0.04322509227801097,0.2845331111709658,0.4752442473847873,-5.970670815443606
0.38589491067184545,0.8034151597810861,0.9132653697062608,0.43340309998034376,0.3030986441881346,0.7266645973878249,-5.9524220649098085
0.9022194432471209,0.37453089302886367,0.3330464972591587,0.09768555117080335,0.7314361772521416,0.939838282586903,-5.082123193561796
0.6198495735039731,0.050778876420365715,0.5685559340255287,0.9723903836865824,0.5452340302803304,0.9075654445067485,-5.225810534831938
0.8651088710227889,0.22530940270700606,0.5549870062998611,0.6700304512699348,0.4903576364117683,0.3438985963813984,-5.202705346728269
0.46002278204081304,0.594750209287157,0.6806492204311151,0.9859062238071966,0.002866886766146881,0.4398462068406811,-5.921047678625161
0.9605733833851705,0.12585287844522652,0.3761526366205037,0.588642539241222,0.4854555403163068,0.1355386221877144,-4.3250404744919475
0.6780282134212606,0.8747008209729616,0.6016276936264212,0.10669951565785407,0.9546489344867691,0.5545470712344774,-6.158540201999822
0.9339851215248487,0.43943337444676167,0.7671924529767464,0.7676789941680449,0.6064970706031166,0.1096252783276297,-5.238267715518005
0.5326707615847979,0.7404040319466626,0.27702456541586795,0.17977320679779762,0.6617063910140973,0.887615886032139,-5.989721851636601
0.8150783420736848,0.15756647727519757,0.7290190690500303,0.8592509262186285,0.11373248572387562,0.6504001136778382,-5.209377583943686
0.5999220963941324,0.7484928163577182,0.8342017114656105,0.6699347397471517,0.2923287847381222,0.5767179009971778,-6.265387494867334
0.6067968325772303,0.35646097528620624,0.7551967081913835,0.20509320591990776,0.49624127344207236,0.6436803014068926,-5.8224482966803475
0.1559402763836656,0.4436707137406186,0.028607775317776585,0.6909113211931003,0.24488357632455549,0.02749576998400649,-5.719224804354551
0.7421295718977797,0.04764458584351994,0.022443451385717128,0.02511335787107316,0.12010376756540075,0.1894262045753683,-4.882196065812506
0.6043601616944532,0.513446264435031,0.3088900667665764,0.5009512295503179,0.8283085869582756,0.706019482616559,-6.108197191981549
0.27646538351487804,0.9936996753020512,0.9811445384274684,0.8833699095664937,0.1819103035686157,0.40523041506286883,-5.774063115569859
0.5616151649748274,0.5671041849768349,0.7652151714210911,0.5050148886528449,0.19045131281704553,0.6600933647758234,-6.125908874607759
0.9560611461736492,0.16505720847620142,0.24575432164456468,0.10878877454932101,0.49500228407020785,0.15291019285697693,-4.236464039387536
0.8299809321465801,0.44095367000169017,0.3886330690822455,0.43054101342094775,0.9447607812912582,0.5534747681040972,-5.764898841984909
0.9553221856821877,0.600434598339033,0.748492152176953,0.8681720447084827,0.8554481204898198,0.40582609515496393,-5.285140643206013
0.40859002515718534,0.01707156354426953,0.7108428401124745,0.21934629721240828,0.9218717644663572,0.811079764462369,-4.7676638680241785
0.585855287083127,0.7371338664477747,0.13054450297252596,0.565227758836342,0.528276615472958,0.7768457968765994,-6.166718691837906
0.8410185758867701,0.37433815578776464,0.01967709983298105,0.09859571811875001,0.7759279395425426,0.9048292931435792,-5.327425222380194
0.25388949182145293,0.7460456315075733,0.43703941616869846,0.352814318677132,0.3449026867622781,0.8862538119677038,-6.098322692701865
0.18748666752528476,0.09049991271120095,0.379015338862832,0.7367687937199096,0.9544671596312964,0.17197879944745975,-5.1467034042674955
0.18526126569368673,0.8834981237520995,0.22805310951848157,0.6603152398233398,0.09578482954946499,0.8264607344083473,-5.911122109003185
0.6048724605313168,0.589450044138144,0.9920636637769253,0.8768476136663995,0.021814982479257505,0.04797966505462059,-6.168666249595728
0.7133852654553382,0.4094934808891464,0.11573280421046905,0.6584852291912789,0.2423363372977645,0.5309210363737087,-5.963712360001975
0.1767296600524758,0.9002281740690512,0.9641074189391182,0.4468324417940027,0.093196561424433,0.1503435458336123,-5.904427025393772
0.5881677508610107,0.7785573017159744,0.01446345185801623,0.5906344369007669,0.8614300117352353,0.2671384378420293,-6.078215515401696
0.9020940552078295,0.5358471521534022,0.7000233741741261,0.9930278502174328,0.5447421438486482,0.48893704125125725,-5.542875722755272
0.72975816105956,0.971973318442921,0.7070503253986782,0.8247210196555533,0.42628022513730635,0.059864243604843104,-6.128023946370113
0.041128830392539784,0.7721618764721705,0.42091284669515494,0.973091752453296,0.182514342377597,0.7190096508700764,-5.4886456456935875
0.9181382030345843,0.028015084324489625,0.7778184156677632,0.3613101284457555,0.8741669488086781,0.9196932550600242,-4.373465785138671
0.41629676285787065,0.7838716263618991,0.33487931478143584,0.9213196284706656,0.7937721425449943,0.022926389669315816,-5.938260507887284
0.3413676173167155,0.31960572016592415,0.012621533658227047,0.5537311934924515,0.5269880294469832,0.8616610314385794,-5.448058079534581
0.7716126879404663,0.022909364202409188,0.17354247618632201,0.627755843733613,0.9969598396975269,0.4512741155817308,-5.051256122467567
0.7789390672413409,0.14260195152912003,0.5044040172492487,0.46484258880131724,0.20941537321695103,0.1608425444809124,-5.332478972128098
0.1520907537290922,0.7544939800552246,0.7517652604764634,0.7489104669653371,0.746609642003872,0.3592409739668555,-6.116619105375306
0.7180191939788952,0.346064616004067,0.4387252104481224,0.19446478498492947,0.9430927165747369,0.5784759100173914,-5.845960445869289
0.3052710616634172,0.427421188255501,0.19816805826391137,0.3939059756298797,0.2973566197200379,0.3208654753717769,-5.738921724023269
0.1048298614416433,0.40944409703307516,0.9466265035826212,0.6765717802399845,0.4685463721179962,0.5008070091929416,-5.64169366820969
0.3600572178236746,0.8209661473765779,0.30622901719800455,0.2279232674128252,0.7014536075952708,0.5724060170760341,-5.871667286802056
0.6854435374044384,0.8576319795280642,0.5760573079391121,0.3588881841277679,0.31612663044853995,0.6681394949455698,-6.282788938884426
0.3230076412793125,0.3050993208485764,0.8548214005762266,0.542590068373449,0.9424479212143638,0.10340070562459269,-5.594201935741179
0.05927934307154037,0.31010388453523097,0.040650392041451267,0.307766675931058,0.5605810756937794,0.21094208537936487,-4.981268771445079
0.2239754887323836,0.8226215620014317,0.31733321084229604,0.2670812281833802,0.6277243738089437,0.6925097591674814,-6.044071042640513
0.693483533178566,0.26346115933895675,0.6665144669916867,0.6633720525594234,0.1801056788886377,0.09125354120066886,-5.782164123252878
0.21075954341605407,0.7868877177439134,0.8180326545348695,0.633968772973139,0.5780288172011626,0.4333361601616966,-6.199334601678228
0.02591843612433342,0.28046774002364416,0.6414498601989256,0.37958610436573303,0.9838085976852188,0.07354606808407549,-4.909062297328712
0.48322348970067774,0.8321941871208219,0.15286216348586945,0.9692265352897922,0.9169387561114406,0.7347781837245647,-5.86438755737256
0.8897738026974369,0.15760801805005187,0.879157610274173,0.4931345695682864,0.7819835662414352,0.34218267794405755,-4.841492985264035
0.735652251428801,0.8872152169158828,0.17404209097555845,0.14495650324857778,0.5571939369823964,0.1812020269285166,-6.044646967879011
0.36016012472864145,0.24339880190283225,0.9146018555338827,0.7815472857902727,0.9042581505567762,0.20946626086499043,-5.407065802670858
0.9255133331318557,0.12413585234652758,0.7163986791207747,0.8610895871359752,0.2195678562748813,0.9326761972936417,-4.551338376420679
0.025171497123558928,0.8261458479385779,0.7183438815448826,0.032963543394222805,0.19722422224031189,0.22214226242855417,-5.2778962969337195
0.5552468474189739,0.9240865357414161,0.9381848010533194,0.9073900663961276,0.7586821442665095,0.4298672228159752,-5.968721456731434
0.4749554680821424,0.8203866699904879,0.5281274675656238,0.2502243213250591,0.5879165086047854,0.6837344289765985,-5.947376096098132
0.23829009144668567,0.7598394143710955,0.9468892384556459,0.38177712718406154,0.30525153970664365,0.06585199531607677,-6.122374661977066
0.5947599921102861,0.2891637819097743,0.9047225752612773,0.47007388947866513,0.503478552684688,0.5408252754355182,-5.725793647659863
0.03414512906095368,0.8395192434965397,0.14661508259629452,0.9895325434061689,0.964085348831693,0.6732251736779695,-5.316335241254559
0.4996143252727969,0.3245407133699608,0.34281200917990395,0.6026376969950896,0.3293426526884904,0.20532792208781037,-5.583201517719317
0.271612871745878,0.44970921731829605,0.8358597865036349,0.48100115122449505,0.410560753848596,0.39770624421473477,-5.93460174115581
0.06419396281662026,0.17302870455197028,0.6768714722302218,0.6815651513250783,0.24492075402515445,0.09140500694804776,-4.934682628451595
0.4241431860838608,0.2972005295011436,0.6569953677055069,0.1444983232829169,0.7380955471950291,0.024637531003366298,-5.423188592623013
0.2249633770887126,0.612597124382803,0.5933639127690536,0.9214480770218214,0.002978567770749674,0.020333160644796955,-6.127040525438734
0.3011909628839399,0.2956184167038599,0.35570580644171523,0.3132216775922494,0.27803331992969216,0.6742296644029028,-5.48491567204634
0.7995507724593215,0.24023307306662867,0.3881330566156477,0.4966320858314227,0.7690690721919532,0.6412328765469378,-5.510917332653438
0.6381877104343735,0.55698853994841,0.8737850132599231,0.7727601655515817,0.2062381071730398,0.35763981024889,-6.250733710556623
0.5220108961591712,0.026450667195584865,0.5274101211877573,0.1665751623283802,0.07126600079420764,0.03679625086236249,-4.81608263326566
0.7884085754655852,0.7643343054527098,0.0684571492213013,0.9587488640175935,0.901258985828317,0.613822415190291,-6.063100347947716
0.45969645933516434,0.9711222267011118,0.27333838090165796,0.11393219145361744,0.5207750495747533,0.2702671107165189,-5.578550284683951
0.8241706452387424,0.4263110412337363,0.7959359824151029,0.861897661751426,0.26019200271380527,0.9239092215173814,-5.785790388600644
0.8704212227455396,0.7224267408024685,0.13856504045909812,0.493562451991721,0.14944177229398947,0.6112013579525166,-5.645827074846405
0.6039364976580848,0.2693605417300873,0.40089352216584595,0.11321889926306317,0.6383639445593838,0.39395455504418053,-5.568642278748817
0.8886190348161911,0.20559198159252334,0.5890544401376806,0.3874991063166564,0.24296928579511035,0.515389881029124,-4.934686664859048
0.5866361591028292,0.6688572918402945,0.15336344290381654,0.8836172468690229,0.9898415766448811,0.10997220966269627,-6.146397060826837
0.8081011882702623,0.7529517771955233,0.1698192470430474,0.8935387092425991,0.6591982650476554,0.15036557664258265,-6.045671513426449
0.3959667539765602,0.10383325016264433,0.6793327856100086,0.454903856884999,0.10578250048171245,0.066574240104048,-5.023927711252842
0.685608638212703,0.6007296856917894,0.891573123043352,0.042848114346734634,0.15507682938173473,0.15732695020563559,-6.166803974286017
0.838002747685352,0.6076842931938,0.9336463959837322,0.6284564302678726,0.34984032806869503,0.553865751771154,-5.966904480973489
0.1055655035128984,0.9235218169512937,0.9225385000559169,0.23329479044607304,0.6221478253130223,0.5110126285721738,-5.654113881340097
0.5433817994900275,0.32776228479049996,0.7421383331759461,0.6027829881521541,0.3029140928038754,0.07617277157807101,-5.731443293699384
0.39760016393317377,0.3808893609662344,0.7905895561618629,0.9177634859673042,0.13346400366450795,0.4930231043101666,-5.615124968107509
0.5221032713930693,0.8263390169051428,0.28898678634272557,0.09146859167264987,0.007773895479544102,0.010112590358666518,-5.769353237664904
0.03114493500814486,0.7330699617227326,0.33484041442882195,0.38519810260745957,0.5137955957189673,0.8744905970243457,-5.450332795989044
0.934478972643377,0.0346666204969458,0.1643119650292948,0.5916300324899029,0.26684074182739737,0.7511606751219704,-4.160075216342286
0.6936134671099923,0.5007126973161572,0.9348300404909894,0.2507705143852934,0.19198589141186295,0.991224055366837,-6.125884322997545
0.6271997068279893,0.8432536963452607,0.45731507891606993,0.25393044309810187,0.08166285347440061,0.17823406361176364,-6.10847461082369
0.7469525004627905,0.9016206811297517,0.38088607004013486,0.037465198253979315,0.9926270044409805,0.3022663056318543,-6.02292125573673
0.9304287103434179,0.7130484906376356,0.9436558567378542,0.2812287062781731,0.5469355100395165,0.8154076213766099,-5.371230395516472
0.30753698029567167,0.7890883965608462,0.36348772067730406,0.38100461359843507,0.5622032478218487,0.558688024611823,-6.067890409158681
0.2479367210903265,0.94493263188906,0.7156717079085494,0.8200240014805452,0.9071647610727617,0.6058729387803907,-6.023723815010687
0.1539902277485804,0.5486284379415203,0.4684523681328421,0.5885408877674402,0.6915768747999446,0.20164386127046652,-6.062443557936909
0.18091019510307305,0.9417095861234913,0.25247804492984094,0.27853653420212143,0.22855920570772015,0.5718920878541183,-5.777741527630022
0.5707767658420176,0.25548175507785564,0.6322812373851973,0.2569238694448135,0.6427164597650759,0.2628668512627541,-5.564867983562908
0.7527784509490392,0.9172457567051288,0.4451634802669743,0.319117812848252,0.06867033247919263,0.6052692899991623,-6.067476728730111
0.18556087264991106,0.19939532687250472,0.5903489711197213,0.06964063302444268,0.1971646343129807,0.12869704473643173,-5.251156089278435
0.23382806799229283,0.920320134611273,0.9069176338501727,0.2734298138254655,0.8430001931267996,0.1136671618736671,-5.97075944165627
0.6609153439806935,0.02016815677689565,0.33666756805990705,0.6628930561395017,0.4596113059634356,0.6058523031771791,-5.204367546964791
0.24444359963067408,0.6396233753861577,0.4889431482747152,0.6398840159786009,0.3897406043303061,0.8752471007959433,-6.2157078521951314
0.884259222098366,0.8945970734503023,0.6423400591287033,0.48066013934169105,0.3401192008703917,0.8877119247144711,-5.598428261183414
0.39284243286318576,0.4350997260952757,0.39918035234020255,0.4551020685917382,0.03143639723344649,0.3289784992057081,-5.691603249259984
0.21488689273746786,0.15211702435549346,0.27936845443643665,0.6351635136250118,0.5443318609402216,0.7292220587340189,-5.302562840970131
0.0921758938123407,0.9470192699416913,0.558387301359403,0.9480824116395069,0.40163869926740325,0.05718830574541456,-5.624004581624157
0.09385593527982683,0.19775205620436476,0.880199523828471,0.46470950273832645,0.28665053776117044,0.3141503891887987,-5.068594623806703
0.7939360922107007,0.651270248667095,0.795227682436349,0.8931775904570305,0.22759960639915977,0.8819827274449353,-6.158320112851644
0.536056247748922,0.4276331138883698,0.5097550713449099,0.22766198799782011,0.7569876157917143,0.8842938608187254,-5.833189096989454
0.2983783717665731,0.7981963708791039,0.12053044188489381,0.5827042996007193,0.11842324526526615,0.10855429606628897,-5.9308767396713735
0.740407227316718,0.24416294880207734,0.14912216550962443,0.8580099570312002,0.07217124134550146,0.4061411074811707,-5.547596156218246
0.19182463002487316,0.9210626309746034,0.31238890348292825,0.8201977552281555,0.0741917695949762,0.33954359520997146,-5.8841427556825465
0.4371848183227687,0.12104818188195976,0.5323301378454038,0.036448954478760065,0.7740497112520701,0.3683143601551706,-4.951718830644827
0.4917377234834258,0.7737263274285898,0.9459833123178113,0.23837440459118797,0.8443705320969687,0.8054939511659261,-5.953458980404949
0.1978119772274648,0.9029289140430349,0.7665925883585057,0.3216032220158357,0.10320737528893564,0.6502623568272259,-5.94708138311657
0.14751366231327423,0.14608206769322996,0.8584174336915172,0.2653001799135595,0.4418319681568539,0.2911840678324489,-5.108576801323127
0.8490150787227486,0.8987234838100358,0.5303353375368804,0.9600406812595212,0.26672899707242215,0.6653667356511114,-5.778504250641177
0.07567965857040404,0.7963650697643928,0.5746381086643083,0.5100135723192114,0.963809884866236,0.3676511626839032,-5.784521265213569
0.4214427560721249,0.6284708676198791,0.009834672255712884,0.3707302928793714,0.11110893938884814,0.4146438482060084,-5.752701582064659
0.14766917793841638,0.9343790187599631,0.27622097666767,0.23966055963509691,0.01558331587931705,0.1852413400413,-5.690154095702745
0.30181838760703206,0.936460482007568,0.214799976466017,0.18377398861533312,0.2580283772281352,0.2976698953046626,-5.739734671928388
0.15980542838409661,0.08342875120054682,2.5928842284916875e-05,0.5942221344019094,0.8447010503380129,0.09659795402196625,-4.939614572741306
0.1708710283268634,0.3166727365177069,0.04113040658808842,0.21065989707132282,0.7320427234580186,0.8491151392147642,-5.410278047847546
0.8577411126426293,0.22939907976881868,0.6249571759163816,0.4668793268491781,0.307029200833849,0.8543695115472367,-5.183332345352761
0.6793075587790111,0.22073767019325075,0.28428071926696785,0.4280579867787342,0.3339162598879075,0.4746822500541984,-5.592419453208706
0.2214272610443393,0.9163037525537,0.585682904430706,0.9900336505519683,0.32026692716088956,0.7698542959436857,-5.977994513524939
0.7635262562499356,0.2103751261500778,0.9697978252061713,0.16319027561531796,0.6520111226988883,0.5361521014555461,-5.46354805968109
0.6798353712459967,0.009292450892221193,0.25982908253296266,0.5947419576493983,0.5856358623600341,0.7568907765736516,-5.184150740343023
0.30835381402334383,0.8549091823531948,0.8704127503404973,0.5750202115306481,0.27129462960937345,0.8200031474739856,-6.0415172951291405
0.2378972223091419,0.17317890565944172,0.1402270223405826,0.5383122355080245,0.5814864982424061,0.19197503279257655,-5.255388186460589
0.9092014396243208,0.8139025141215233,0.8275904393576836,0.021440338202025733,0.8703099431482267,0.6329293911156323,-5.401455795410627
0.016796142221015664,0.8561490195295746,0.5690160603501605,0.33027103738639463,0.3752995562764192,0.4674003093524638,-5.320938066027718
0.22310564531700694,0.2537679400454307,0.25511866376015313,0.02488573226635049,0.966583884523028,0.9896379443025052,-5.339592507152611
0.4851633265120233,0.13641773100693788,0.7472108346808946,0.8558118629047421,0.004505002733043995,0.9000606319197465,-5.090386558868237
0.8733660706195809,0.6396693962040698,0.5739612632894625,0.22593872647269808,0.8246488585322509,0.2691751784752362,-5.748697683625165
0.3279007553749904,0.31557164435518814,0.07482891403107961,0.37880670704492914,0.4702433317509096,0.7771984451273175,-5.4342864793545385
0.8099326495194191,0.8262138775076763,0.13627223824345214,0.06544411659923921,0.6436039331040062,0.24994308934871,-5.824947170077406
0.6286645351020743,0.2649971415068968,0.2621085257283253,0.15098792746934542,0.06767977921497015,0.7804266289391871,-5.494485552982144
0.8964998209047241,0.5541130822607752,0.030628583120794528,0.31866090934221813,0.32798122451415623,0.5840805343487271,-5.363874778115901
0.6673482024827853,0.3274793615241087,0.2519992089562957,0.31846642045584905,0.6464601513811561,0.07733814165821595,-5.816365190031926
0.47593934486438716,0.8147880051948274,0.1427214562181437,0.08486300172329064,0.9528305015976243,0.8009284132551885,-5.712950773069389
0.3735600111808386,0.24580340392373845,0.5351427204010879,0.26006260563662975,0.13817189545581743,0.024722538469872823,-5.290767470953598
0.5204782043202347,0.45859229485084996,0.3421876329294242,0.8043480663643603,0.557293104977418,0.7999039284621097,-5.900539357436112
0.7386344308016858,0.6878891659772084,0.9145508629519643,0.7399724745203468,0.20307509201036555,0.8088889813835798,-6.3300401967697795
0.08503761361737305,0.7604896818488758,0.2324660290174857,0.21168954320924738,0.05351557141120156,0.06367097627003449,-5.592307957973723
0.18659346138293942,0.8462057953133836,0.089730589404315,0.4641724524730285,0.2412746786445633,0.8391918230923832,-5.9331320145426165
0.6660750414277388,0.570938086949064,0.5098176732264685,0.6848208319503454,0.8687929611515012,0.2770808683231112,-6.387061824068294
0.9095515795624198,0.959355639856553,0.4694348911551218,0.8678386757043433,0.5591951129390551,0.09440596859518235,-5.367566772402316
0.7858008587752087,0.4880228575467537,0.7074348533223457,0.37019210259240487,0.2911325857129803,0.13316497801172855,-6.024040167392023
0.276943271066474,0.6507195014109964,0.29006160141219617,0.8528827939065847,0.8506410280051686,0.97259092222566,-6.093067655920489
0.23877839709493853,0.46972747653887803,0.04572787386523647,0.15940927457813459,0.534684299299098,0.18624023522940858,-5.7625344352878
0.17705630572285302,0.5616768448606128,0.6398570882542186,0.3091463538394369,0.8690547757393382,0.4550555272967094,-6.058903168532644
0.4853757069339514,0.9092094217025848,0.23379232336487887,0.7510390701261267,0.6850011572894936,0.8757668805956588,-5.860353434186813
0.15818584249774992,0.01896482153674206,0.5680932175139377,0.7249533975704356,0.119481829145064,0.3893888886931869,-4.936194340877077
0.8685546702771978,0.6368078137640452,0.7184251414248811,0.8158410234684534,0.60271622397591,0.6554607236660696,-5.881456101601854
0.702888866107055,0.9945005592738416,0.40241386492787,0.7179710178841383,0.15483108819316727,0.8445703780754457,-6.0733827799767495
0.5208680482764495,0.9458262099260697,0.7235659158258785,0.8708486396064847,0.9690573048943115,0.8238420407850048,-5.9189926637416495
0.6189795107943018,0.8765649642720029,0.14751862591550668,0.616244686653169,0.06407352920818721,0.13094107289351065,-6.060635142717932
0.7285515427758483,0.5600194845951508,0.339794971145991,0.7805415364840701,0.04042363986825448,0.28478360010734305,-6.2386558200901465
0.48630186787070984,0.4399168826793367,0.3303936567596599,0.642956661317681,0.4193253949334076,0.6008459381238339,-5.76698859409159
0.5196816579344155,0.7926977532159905,0.28119415018071026,0.8288691484068408,0.3920155861973995,0.37567952184962017,-6.025204594531309
0.3780446181124272,0.22481775134200566,0.13432421027371655,0.4794160996505006,0.7613664267802287,0.5885341438341392,-5.244004609661783
0.9085187044711459,0.06355846645151408,0.8199008074005177,0.2880186322230299,0.8501743645156365,0.039131356804310236,-4.476631241033154
0.2705244180832058,0.45962166299937823,0.01633382692014118,0.5658382357489125,0.24340359280155055,0.5057980407366646,-5.7716150616097375
0.5116879185781312,0.8143938605239984,0.16867640245660587,0.9831529537145417,0.1177408384662374,0.8555660999383695,-5.8579590288168415
0.48315651745136157,0.01292139146709037,0.5519795647129764,0.3930816713609766,0.2266475016704892,0.7741317494175092,-4.845538766592307
0.462063586842842,0.8271555340831376,0.9610340616685163,0.23533407529881578,0.6627080209391274,0.6777642706084817,-5.854381035911127
0.8924080031739895,0.3615043787863268,0.6436753791911551,0.998196058499826,0.5964371999526796,0.6974192405553098,-5.277919442164221
0.8427825402096019,0.08174904167563779,0.9138223594976133,0.8994586397277572,0.6570391802222565,0.3034632421181387,-4.932909433773295
0.5356203780191267,0.3610389370490624,0.04920218281547284,0.5345537202949032,0.16141042946595197,0.6584601895494675,-5.580306124081922
0.9616399750974064,0.09642808381424062,0.1036358026775206,0.1890296281365217,0.25982969941866096,0.8422164109887937,-4.001248925127151
0.10847035767035285,0.2485818884647657,0.13843356347266378,0.42265390856296847,0.35991988986486845,0.3375503926912954,-5.136295586876843
0.05271010339222593,0.6579657377442868,0.4912930315808578,0.7156373287236437,0.8302423532674872,0.6457431324542432,-5.696119816695921
0.16508999697980997,0.8369078237114571,0.14314626175439882,0.647893390015902,0.06416783271033422,0.569832183625654,-5.885860618924562
0.5314166572235505,0.5283470396358882,0.8270813474472595,0.06834248586655622,0.8056283747952441,0.10935776304441225,-5.909914702476524
0.7087211146603672,0.5431055345609053,0.023918974887328415,0.6381664904338095,0.14045172155464636,0.22980714142232583,-6.138698320011505
0.7558691418318236,0.7352809881326167,0.47823455535163717,0.4456714961306848,0.17993885722292602,0.292721616702862,-6.253374361879889
0.3346516500194563,0.4591123217812312,0.3317496607753637,0.7251444009068758,0.8365454610828583,0.3822455289120559,-5.85451965740006
0.1514226114898135,0.9402733526728133,0.7711056204778818,0.8545890630862392,0.09666631053149444,0.10788849676087242,-5.834369370526227
0.660838707240351,0.5755542551071302,0.24267555947503205,0.055952051857743434,0.6009313349310257,0.17316240471604039,-6.103709366494325
0.5101947305190485,0.8536749227702749,0.2571023946859964,0.5756884301014359,0.608096802280701,0.11770956521142906,-5.979301696120409
0.2684400549348053,0.14440562337704366,0.05036091565667922,0.21705916370763445,0.657616213041459,0.5028535318719312,-5.068430539821305
0.021851572774392647,0.19528561495146424,0.9688632221863175,0.4524589740421052,0.7355967235641494,0.8861867217238146,-4.691795063609522
0.44349449362039217,0.9668273782648293,0.33547147293705926,0.5270752508698695,0.15265813218215862,0.9019516679359401,-5.685582016844724
0.5118434953582055,0.414681844931154,0.5901710275914368,0.03795146818214268,0.11783547402410377,0.5478641795473601,-5.633013678549703
0.7357955649140133,0.21510291927614644,0.36345393222131983,0.6975081108142335,0.9065135751650948,0.5187293287579746,-5.655656535993854
0.19819862107767627,0.5650458633798432,0.9849814730357679,0.02257139496920124,0.9190778418088378,0.36458146837258365,-5.906604014111269
0.2866061853637478,0.1601387975363907,0.8815468974405759,0.5249118687257747,0.4008866184668275,0.3731791713870304,-5.300989045978181
0.6565055175970442,0.5972011643926914,0.15212129109139194,0.08754646057157955,0.17583035706212702,0.5490909352978568,-6.068258443164264
0.607726258599968,0.09013430802509881,0.3376259614381586,0.8401781210372384,0.12322651108779581,0.758788849993101,-5.208078019165542
0.7697216790321206,0.1747019180794691,0.8984681657788542,0.06180063389405421,0.9297246821597605,0.020662531550134866,-5.293992654961022
0.14242894236288606,0.12432013372518691,0.5832006867900602,0.40548164225851047,0.2519148729628409,0.23037991850425,-5.075955494356584
0.903790084768875,0.7299375880701913,0.9250510533886039,0.4044677448614631,0.7035238483559483,0.3797183809546014,-5.599947232767796
0.7190147851561467,0.5369195303351764,0.8858236061371164,0.8301391936327318,0.094708334569379,0.5586935084265021,-6.262762996551306
0.3811583952434018,0.8590995677365685,0.2955315193722765,0.07218033032126492,0.05350307393642684,0.6633150990934737,-5.692469937632959
0.45420741136063036,0.5099642517662909,0.8686562635540571,0.04677708824074245,0.6254160439099895,0.3816211209264807,-5.765151501095469
0.1120901090639077,0.811639739285116,0.07789202051559463,0.8558485669519936,0.9696100786772941,0.0559613490574834,-5.7460993603409
0.1648544444069575,0.01526756216312497,0.07215440930189732,0.18487250289269297,0.029359564175632236,0.5377452039755274,-4.646777477066068
0.9338722295581089,0.8593327348069763,0.3261219230632969,0.9989335008009784,0.08695606836339842,0.07837256589137953,-5.198829484432737
0.8931727287246537,0.17508431493389365,0.40984064769631223,0.07809431731485972,0.9038243979707422,0.7739324436838589,-4.704076221995584
0.1554116259120284,0.271307645835588,0.9223994121230913,0.7668828991027125,0.6795657947230418,0.2813267229382075,-5.5196391174946555
0.05316290777797239,0.4519203828913019,0.15016667256804717,0.6799040389986277,0.14145083050834162,0.14147567791878823,-5.317787597842559
0.9952402703019901,0.8448006910437552,0.057162169755414216,0.7839252070274173,0.7163164120534209,0.43810398020023955,-4.878594632082379
0.6510766017280663,0.3360193979931587,0.07880748070816712,0.48606122182663136,0.8557641725526729,0.05849518758993044,-5.777000953553456
0.18342729481048337,0.5150073962640803,0.6428928851317253,0.3266650484872775,0.6873935494072433,0.8213139436777762,-6.011882708038569
0.9110036198421845,0.24414842747030152,0.9416440375004042,0.002069629580673138,0.36435638275092297,0.8980785154408591,-4.702590686645411
0.8403647688118903,0.7295386934812674,0.4207785967371932,0.28235561523473107,0.9949272006742058,0.3686034369062682,-5.904845862730078
0.32993149694627,0.851041708618554,0.38779841631962064,0.31335201196567997,0.5712475075092999,0.6408065506139179,-5.953058256251191
0.8335366567280109,0.1459353489289803,0.8315247478776099,0.11059002514421956,0.5235144228946113,0.7287531459562998,-5.008762801461934
0.14539918180953537,0.3234654997676535,0.7336807290919194,0.9549577823003129,0.3374275144396922,0.8256577518978869,-5.576290387406181
0.4077048832897213,0.8077843970142293,0.9052492974687869,0.5967492610967644,0.021828763134799423,0.9749540785184918,-5.937834622073706
0.474806770169268,0.9485421530863425,0.9155714529986633,0.5892454647541868,0.9919878463212642,0.0036773418951953074,-5.809766602634843
0.047618899389993086,0.3013743465308847,0.5971229124097123,0.24108200405880964,0.3940495904222969,0.7646762227400423,-5.04442146650504
0.8529435539123519,0.7218583784848049,0.06456831157483656,0.5576112871865562,0.8526385295300106,0.051734055791356925,-5.803372864972992
0.5800726260507154,0.374241843854378,0.5558489804802976,0.4973410120531663,0.12311714743748103,0.8487676128151849,-5.849525410294266
0.054780719711058024,0.6862527083314878,0.30542548337363384,0.6718732534753383,0.4538904139101919,0.7719041811785848,-5.629659998249707
0.6423903638186603,0.6364408543586179,0.20204323097745636,0.31595011733264633,0.7745068224430003,0.4406300324445501,-6.200894800396091
0.36481555804329,0.865199699647465,0.48869880587051995,0.5122404603669986,0.9550704023443832,0.873204773414262,-5.983321681281174
0.08925925134050039,0.39871654598084694,0.3308423399926286,0.9070600198883179,0.9216276175636342,0.5227468882568014,-5.462372387834628
0.08674098349066484,0.39158532348737785,0.34011227549457057,0.9429405304636681,0.42789804077976756,0.8416420543783599,-5.462198715277998
0.028171534076121496,0.38675669830693127,0.4557698631506215,0.6569756810828731,0.019203776868845,0.6699847913599921,-5.104935227166159
0.19162902934873915,0.8202676194717937,0.05236424657845862,0.9898456581185214,0.31601422569733495,0.3324937618315762,-5.912618447632632
0.4177847753599895,0.8090450669216013,0.4736877974391428,0.07785019829021422,0.4108201116480218,0.9809078846809481,-5.815576217216801
0.7920083072700533,0.8184355052423478,0.6471863419008198,0.8361339458815619,0.49714425462837475,0.841874796330076,-6.177203111751546
0.2850687605383414,0.5854131055159363,0.6659860475586178,0.7870123279978223,0.9915782221284557,0.5850948946755751,-6.126345036990863
0.9810199460169442,0.3856126621726983,0.6976800522120886,0.4520079727700189,0.5791782020467171,0.5623963795929203,-4.872634997218909
0.28096682836118203,0.19328124911902345,0.42145183987142343,0.8426926597992156,0.895770995169378,0.06996844088655607,-5.392308260403323
0.9325748461005625,0.7892692878916729,0.6127978586613432,0.8646759983359729,0.5282184760064956,0.5304301982888233,-5.460849770177776
0.3329815634598048,0.08083513905565887,0.10649016885115892,0.2637422662239717,0.0063111065161980395,0.5829070357555901,-4.799617737388568
0.055845456196355725,0.49155060965312003,0.7953708526722387,0.17839041200170325,0.9026617646157236,0.47405807901389707,-5.41603140198234
0.7531499284607953,0.31212336812158725,0.05321358400832743,0.9962246922297383,0.07227380087945001,0.28744075877804276,-5.585787868047544
0.8272772281470671,0.21143148637292475,0.41345098933989166,0.7698051724310055,0.07241173153672442,0.8150826969685222,-5.2496635598652075
0.8479223669261958,0.41432351966194914,0.0601611216927308,0.15487899317218035,0.2558230026618602,0.4842073009957384,-5.356667193573537
0.2077019746795058,0.16690689495090516,0.10115851545400767,0.3594771422751052,0.7858749185223183,0.885483823627899,-5.171998500460067
0.698834934407276,0.1699917507923211,0.6969202681577257,0.27224893205236067,0.9459344179901366,0.3716360591658411,-5.544904787639924
0.8040589419054299,0.1443091897305463,0.2365571978125992,0.512391206160359,0.8912224696127609,0.40020580828353924,-5.222027527321608
0.9427846049456229,0.6599019150480955,0.6333787957035607,0.19413605241730392,0.6753025505090494,0.5280528645158954,-5.33113352721282
0.6265999103945155,0.7775993092618889,0.13765132785259937,0.07160792440283414,0.14816450964023864,0.11601102023108967,-5.998101107051202
0.9309460883844161,0.6607718715638848,0.724566619269411,0.5791358038767337,0.20665642917596072,0.6710872014151623,-5.452009093101109
0.08564562407996668,0.6607399543930652,0.05837945233030861,0.11959398679286781,0.08843503314549095,0.010879844966607655,-5.476955271758596
0.4722337626076959,0.9363015522924248,0.3937810068164913,0.874044617840658,0.6813018308899528,0.10433203391813106,-5.8059026733819445
0.9658198219345718,0.7765446457577705,0.9814955030142619,0.9043674065709894,0.07077047982208595,0.8396557746002425,-5.110391213269177
0.9612338478697203,0.4703900426857295,0.13443301453442036,0.4576490199720771,0.4755968827289474,0.3027691565334504,-4.971904657681447
0.9891704747405711,0.9242304273367405,0.5019457142554227,0.06499524923137134,0.6279842759391226,0.7919704028883483,-4.803211855429174
0.13395700988641857,0.5387428565993849,0.825027755125858,0.4623350342040178,0.7404775217094197,0.8990808219976733,-5.979960512489434
0.9596461604211524,0.9636593900809176,0.4819978726039603,0.7988117822487306,0.6800375600004109,0.8618857254133698,-5.060306192346147
0.8881051171806434,0.9694380658014401,0.759585991333917,0.21237835721101495,0.003964373751778383,0.8042803262342947,-5.339143363697631
0.23405319543116176,0.8462895032125541,0.016928433894218053,0.5446154052218467,0.9330957814840981,0.17100832740728744,-5.947186845204394
0.19589225001924215,0.42924322576574103,0.28449356762523514,0.1035391733192178,0.4358922897636708,0.862334924894764,-5.712912437825797
0.1655052864626474,0.2772412013296697,0.4204954599177231,0.629102370370857,0.010670629026144796,0.07538584788263347,-5.494015327786902
0.1510062493614247,0.46975981500355,0.41330415408448173,0.4050969914238066,0.9847523781370655,0.12855987689919768,-5.837718406299575
0.858383090791699,0.8492995371959883,0.22924688667381954,0.421909813572917,0.9964103370488279,0.11186844134198703,-5.691719194939582
0.5368096016640695,0.8089533854784317,0.5093086400656948,0.032798126945540074,0.27856856364547755,0.5511078985351663,-5.941513054907263
0.24181285869516222,0.38898682461019407,0.4286784699833318,0.9528775983982398,0.5557661730880339,0.019368505698495353,-5.841029945976121
0.747051362650954,0.6883837692189424,0.5608072615230589,0.2165760272386179,0.3338074055512582,0.16503181705922132,-6.237292360178385
0.38085118158635056,0.36579144903657745,0.3149579137014453,0.9401510380869184,0.6454572161605749,0.12170415675883928,-5.599516781380798
0.4217833264523815,0.24148921690071212,0.9402981615565089,0.6900452716280049,0.8421255463556048,0.896413503799014,-5.348666051702532
0.6817740265577074,0.2865565451894978,0.4818614091497657,0.7647283944765231,0.30839832019140545,0.05155218062823219,-5.838206607404282
0.31186902593434185,0.4851123235002258,0.9976609404231117,0.7131556148179335,0.5583147200594255,0.908011485805227,-5.952609366401083
0.014915727335437334,0.26593346519924066,0.8208248240530439,0.9328508468583002,0.6911536876496878,0.2760689988412023,-4.840446725135626
0.05671025220170578,0.8156630025684021,0.8196558406665806,0.8191056379765829,0.36618127246402243,0.7033189877914852,-5.64246027735504
0.0659628324747934,0.1839704188705189,0.8508134993715638,0.8921201656910143,0.029148583257985194,0.9408039447936469,-4.866846560898535
0.422618767134462,0.44300495178626864,0.11318029818558373,0.7581540188699324,0.07051270655943043,0.19140585963449042,-5.627827009271245
0.952846193821215,0.6462009302209443,0.7464134171016558,0.9891266775732411,0.06704208167902148,0.6675555416523848,-5.235950688714569
0.877124435279837,0.5958282497644294,0.08529823699184702,0.9250200944634146,0.5129319742636307,0.7069702201294452,-5.598372268622281
0.23522977285052993,0.19026980354326062,0.37867769414515184,0.08816317231524995,0.914882662448685,0.8645663428655131,-5.250088145581021
0.44064218159872903,0.40070893784893513,0.6649449624845953,0.1994865201602144,0.8616645959852871,0.6908002859708668,-5.62345283887586
0.1486049603247701,0.07697679065881524,0.19376432865664162,0.7375580081802193,0.5006682107296537,0.24929251461700153,-4.983844499428113
0.5514122408611517,0.5956827279287945,0.6462809178514155,0.03857931323110664,0.4303071539322214,0.3524608637530463,-5.9771492681458405
0.9249281881222394,0.12136246489256364,0.9037857582810297,0.3152098936696819,0.17201440651658018,0.4438848772304397,-4.447537151635114
0.8571896356803428,0.5579874825464167,0.5635977145960356,0.825405153929516,0.5486090988761414,0.6776776340930527,-5.839231643439248
0.011228736754461233,0.9321747695234217,0.12648033317938312,0.6668522591188552,0.21958269460897284,0.2793293230926819,-5.079107482857201
0.7157445432147613,0.8867281077417893,0.8822935588007763,0.04062584697446703,0.5250423405262945,0.4142505217283401,-6.114732894217104
0.42414817831533214,0.5367674403779953,0.9488873110373647,0.6972616385997673,0.10830130369003732,0.5735617050503742,-5.887792124163345
0.19723252661259283,0.8401957880651645,0.3413088959350107,0.6482342706466686,0.3828478915225051,0.6843082638061637,-6.097996143131561
0.5214932480919295,0.8225009884859192,0.9140849303045453,0.6346491342763088,0.22490923286694053,0.4091993497748433,-6.031120529314405
0.2564484753896009,0.2339480856877172,0.44049292131628903,0.8847700367516983,0.5539089554510058,0.3981807986614587,-5.499071911914543
0.9543062256736926,0.26392800045210396,0.4975139819669784,0.9520739275273525,0.4405413718588076,0.06360212213083283,-4.666723116185809
0.8955910945409974,0.5126190585742528,0.23002395239540363,0.009292128497747298,0.49033675216218076,0.6411357217813792,-5.2879966419885625
0.9448078181443443,0.2873884784339349,0.4050176673679171,0.8835137882208657,0.7909278361566839,0.6044964243375651,-4.823203029492898
0.9838891627435179,0.8853617129554248,0.371678285029435,0.23533717334443804,0.8117326069778852,0.5508431861978815,-4.905887199208109
0.376915734843945,0.02902437501715771,0.5023183538620454,0.0430803144962566,0.38230412464498764,0.8730934551887478,-4.724845725990719
0.48431391058611784,0.5438650144009447,0.9744322707639342,0.6676892320957261,0.33548280101529726,0.3399897219566591,-5.951367213369711
0.9784871367385608,0.6997536953433587,0.8791588747634693,0.215952781673328,0.7226401279284432,0.4506177896743707,-5.0876466771255355
0.2590109792745502,0.7381579739226511,0.33788461521785007,0.2876304132778358,0.7587318967634353,0.08210576473818398,-6.098208021674514
0.08664705005270101,0.6100934761830371,0.0032036017306480424,0.7578513643402568,0.1834961354157475,0.28142317967676356,-5.6367125809295295
0.1519047181774026,0.12821223307448837,0.1049439175109036,0.20963812267859794,0.14448487220112183,0.9234604866792658,-4.892011528685117
0.5298858570538146,0.8579399437951337,0.33008984616876025,0.43254314987907705,0.41911886556187183,0.8657510864526076,-5.953588892461331
0.46853976771519446,0.7784623417802944,0.32555908376482845,0.9524819683104586,0.7706519668879263,0.303715073426558,-5.952535892332568
0.08095909175365856,0.025009687741802678,0.15005868437033287,0.2207300988454287,0.8193060077931702,0.12063637203560373,-4.475349852407156
0.02616398537371767,0.5323803081446805,0.32615837958488425,0.3859100803256499,0.164665651890464,0.5134591145745726,-5.273700330846463
0.02916060851622926,0.2460837717785601,0.2275491775960844,0.7924780140426646,0.26657523368434843,0.5688797598439916,-4.751507438640682
0.24300913416437497,0.8107206000790428,0.842889102425569,0.3296277868332269,0.44763373854713073,0.21905098252460087,-6.121654592384649
0.50549146839676,0.7370608413653226,0.6963679060611023,0.7495015709663874,0.33840168765416045,0.3298744465300354,-6.1229991712831495
0.32300698772410164,0.5291034350614682,0.5140013935380866,0.7053392849719408,0.06831863579944486,0.1828259801557709,-5.981502119422334
