TT,C0,ETF,LP,FC,beta,FRAC,K1,alpha,K2,UBAS,PM,HBV_NSE
0.2626641983180722,5.341366008904166,0.509553035526467,0.7135640318327616,165.64952964063895,2.5053872177442225,0.807103346951635,0.19715412840663077,2.3410928766978527,0.03217225792949358,2.447254338354135,1.623087800100207,-6.9789169258342865
2.548379159632396,0.9790852286831797,0.0035539072081155476,0.2308096154813184,55.514809992357385,1.7070834221182636,0.24822518173039843,0.8031299835427519,2.224344051306233,0.04497145627282672,1.6307355588868198,1.1099831638038493,0.3498456840388986
3.8420688294211374,5.420651798988018,0.24229461194293034,0.25224168211563924,304.3201038830582,1.2666737598284075,0.8010068471540052,0.5063152622786649,1.5666517360195198,0.04461053905454829,2.655263941006579,1.9699557052274592,-10.895772023302875
2.9378637752303387,1.9350565304755984,0.454490673134089,0.8051827816150304,386.25413753162746,2.8399194369648635,0.2763759437682287,0.9980554430610954,2.205593040516761,0.001775922867508284,2.1110421569288507,0.9794637828873989,0.4076173100115258
0.016836996272459714,5.331217169474583,0.6625133897918408,0.45827568185389034,99.44437232225765,2.45987533503689,0.7273628543298184,0.18422522217830672,2.677373883793624,0.020136316022751788,1.812847318982821,1.0559994667794168,-2.22603389441502
3.3361249430258963,4.906793667430627,0.9659883696125202,0.06972097052648574,212.921893177195,1.0903199277189497,0.36858998713161306,0.4368185794596739,1.4662142505559803,0.010187146127377422,2.869604400224354,1.3655702401411598,0.31659329044578033
0.9937737212605766,8.429706736946837,0.17648422862926028,0.8507748003744509,184.61088503885128,2.6688409822085326,0.8662065802555752,0.1589932514591147,1.233177561977591,0.0022875421749281033,2.1627514217027906,0.6470411936050575,-0.08010789417775244
-2.2939589113130463,1.721866142155034,0.9731486259011385,0.19823644118891426,130.0493124624429,1.5439778808206477,0.3180544549101052,0.8150345202186717,1.346653095117318,0.015390962147129912,1.931121436709342,1.7104507515841907,-0.7134380004957579
2.5532358114559335,1.9864342449807493,0.15253747486775726,0.6870203803484993,370.64654164241466,1.3341282292620935,0.2991517246065999,0.8424600701452808,2.6261889373463365,0.023307273038114952,2.095954730433184,1.5251193414387374,-0.20014545319056287
-0.055546719002085965,7.086613432237799,0.7036098714755525,0.4377971080607169,141.4899419279155,1.8466717795359422,0.7430179559311403,0.8545980422640894,1.2549417280587383,0.021570954255192135,2.7870069407939875,1.3251617894935526,-3.238146871482053
-2.0188335490272316,4.21454355275279,0.03665665074761826,0.7239826972716432,289.9459112814218,1.6267726975959105,0.732865878114909,0.37018286856790583,2.666501402548214,0.03407693167529814,1.3182501918612248,0.740764617826811,-0.03729880115881756
-0.1416624127315469,6.4084978675838915,0.5103340322003012,0.3263017968286611,127.76246788112908,2.3052946852313827,0.6796413510793797,0.6839664353308883,2.1665490548176596,0.013156607304322682,1.344673635246702,1.2489273279675484,-2.9906114456031014
-3.9639952784510513,7.451955435224274,0.15021919839670805,0.5124880704119776,462.60341862184794,2.0381566012737187,0.6095172375133958,0.3319677721854882,2.8739077596741716,0.002963860000147578,1.8510626842707651,1.9268878301579848,-3.6514148478487556
-0.9586948728101987,2.843193434970741,0.2680125841287333,0.06620445789108165,338.7153058403495,2.451871868866609,0.6723208141062174,0.876509452685746,1.6854166338096972,0.04867499872386464,2.71849823989867,0.7798272618851119,0.06817182046661441
-0.40935065949961835,0.248352263816225,0.43201573270179283,0.28727602108202444,141.06975863933667,1.1066865775060601,0.3503031741861695,0.2639757050726959,1.8429441777607296,0.012262525864990593,2.534411017527414,1.0368335893219829,0.45162253756215365
-1.0112033213970824,7.028125177376394,0.3069179375576696,0.3178642581274639,211.47964322241785,1.1685575301800486,0.7893634204551951,0.1485215648660349,1.951069956662112,0.0046108086962157405,2.453157313055746,0.5994838396956805,-0.05736018505620355
-3.965295818134762,3.8025047792723776,0.13095679683601735,0.6652512363826049,237.91024905985262,1.378464575044932,0.3149618130380727,0.2302877694438637,2.4205465553359833,0.03239545081029567,1.2007695379295074,0.8447307374263213,0.23855413800108694
2.6467674981693143,3.000498977591388,0.607574976651433,0.9865090323955373,421.86222411250463,1.3638367522877082,0.25462181500744796,0.8054578626868815,1.1678178985791892,0.011414346590739134,1.458542684710789,1.2463783832652062,0.4715019471909685
0.8903807116609332,2.168203150291016,0.0659793440260561,0.6821331172083138,313.8403980225165,1.4777805760439033,0.7372475056201367,0.0665649694739334,2.6111335109910785,0.006155436383427093,1.0399981755770207,1.7018523101896883,-4.642725605733919
-1.5834074641315015,4.6310926177309835,0.8502134627972907,0.7840831694575008,420.173695114023,2.38221820336355,0.5272309970693877,0.21825464473351647,1.8642269902727688,0.008764428284614484,1.4546547470312647,1.506841612140486,-0.5729020103496436
0.8416494980706082,6.940361695302537,0.3133520894997832,0.5905866149339037,329.1803135861585,1.6335898350096518,0.7554286756276252,0.4775915800891903,1.7428493905449483,0.010191269449734981,1.3659976674747474,1.8989478974651837,-9.376898698824364
-1.1848621363267116,6.401516846008374,0.060055416049744514,0.7983342425610865,209.00910421835025,1.1799971238409637,0.6852189551636106,0.6731705939579888,1.7757429751046319,0.005711567367118026,1.8758970057178939,0.9794195208641372,-0.6454111303673213
2.3509379347135546,7.193931551954026,0.3470638036350939,0.9120237309980479,185.26716944450615,1.3707219558513855,0.10592197570955042,0.1625108171012416,1.7365283573802217,0.004608385351705208,1.3147566213308166,0.6797336051848066,0.12925622340244214
-2.285306352559288,5.394971783917669,0.6260483328536484,0.2542562475059803,132.2539999788916,2.673793897437151,0.3766127129553769,0.3238839519404606,2.9753598745421392,0.028866964055742267,2.8654069219998446,0.9453420289685948,-0.10372134755693718
-2.508971170611134,8.219248858816025,0.6024048282619247,0.2758064128192371,447.42102941100774,2.2420158004127098,0.18857127110765842,0.6031052836030432,2.475787708181385,0.03647372317828847,2.851785471801148,1.8435690444681039,-0.28615948772539057
3.285323867290451,9.241476818982445,0.7983152453673663,0.404665457796198,139.9593868640281,2.067303042097811,0.5771040945266886,0.51692774811247,1.536047198532292,0.013505454742520712,1.782739304938606,1.3862539410680077,-3.3216261835309533
2.296085496866711,8.11412685146504,0.1602927851727567,0.1741254761384773,186.40769241573258,1.3712448523546692,0.693917995182289,0.5644550114640615,1.310645150151246,0.028769145601317825,1.699567192665729,1.722491767901343,-8.14811891052427
-1.9092883008123893,2.7824951752216798,0.943679308124633,0.23558539381353405,206.59524974603556,1.4411784330644333,0.24628728694078195,0.7684615125363339,1.9481228069877756,0.017291688659588966,2.9393272208595422,0.7978095815289051,0.09400470675882044
2.1845836965757357,3.671954050458636,0.33187640095766213,0.4004723890239348,314.81407840961185,2.477940732757638,0.2604602208961616,0.3544586521759193,1.4916222767938443,0.00829013018289075,1.4479067603465614,1.615111660605963,0.08458953387717827
-2.4088114045097058,9.282317485880785,0.08876946203811675,0.8154384857231061,285.6169651064115,2.222751067024327,0.24068479494788014,0.8168867489244781,2.6019155564514564,0.00987904297224409,1.6592631277031242,1.5383615136246525,-0.39538194651125647
-1.5391415740767123,0.013236360554675919,0.18014538515805156,0.15348009327297907,291.9954295489165,1.7460334570438871,0.8821568767588486,0.31407729321034183,2.635458049344449,0.04156311880227152,1.7443919128450753,0.6838174320230843,-0.08822002542620133
-0.3408117868719165,2.331306602987122,0.5565666669929508,0.7122959477523376,400.1010842186706,2.0077122482264764,0.7025567627053774,0.9975597386120236,2.7258200397449173,0.02685988001390188,1.565740083147426,0.8657756750553831,0.11295701202847852
1.055938879233322,8.366143415631669,0.9776559146724213,0.8584266684015275,139.87894975028553,2.2317151530631567,0.5171236122186958,0.336975726626814,2.6962786212606,0.0031937040782190397,2.7837936658937426,1.488363003677124,-2.6799392264409017
2.368965065599024,6.657876447256596,0.7319465416583051,0.1377044654065026,275.50826484146353,2.872658776527678,0.789255736835586,0.8393547620355529,2.269966603210685,0.042326144808245335,1.5435267151513985,0.8209374537344152,-0.1288323437118566
0.5287779326123969,5.1610167395785576,0.8127882920391093,0.038141061138199595,492.3290487558137,1.5737662874979483,0.5877704800360126,0.6591402535174645,2.8628012761240114,0.020110524413267706,2.207844704893489,1.5803043611911616,-0.39569303180174864
3.1216201951293465,2.463544645468624,0.08465021067482681,0.8996216904308381,275.1821180792663,1.4381376338821477,0.5137781868581625,0.14890163118908817,1.4368249844410461,0.03421515292953794,2.595321013916104,0.8366832064727627,0.6317475735526175
1.131611126431392,9.924252256640857,0.5667781511002535,0.011719603849739357,282.41718364138944,1.802968680453092,0.8369456373233478,0.28450347616972177,2.9642125039912397,0.011151139034866503,1.2957305945060398,1.6056946965067256,-6.613705956764216
-2.1191075211474963,6.224303377889987,0.6518735245020294,0.7156590059014394,229.52856965406315,2.2183446402348554,0.40202908076736044,0.2020050015285697,1.8177651897190006,0.009981895999048819,2.711320272276409,0.5818833620442405,-0.04295063250228748
-2.9491959799370076,8.7014919034606,0.23946693146078213,0.26441925644870845,235.83617506349069,1.9908145944550881,0.675085275694862,0.7088468226383868,1.9229984143508645,0.04842949794768784,2.7680053118845267,1.0779087567125978,-0.32846956232834
0.4781442482155498,9.102134521164555,0.48661531473064756,0.27576237925832514,105.2307902523695,1.2055312425765814,0.39100400561888093,0.567667881241743,1.4010414609088642,0.012799436025039041,2.781939065877083,1.7509915595549852,-2.8837870771287597
0.42400468289661486,3.949430903534342,0.2956824592853814,0.47095090516922444,475.62845758805474,2.385241386445472,0.15783975966308816,0.32924748053678576,1.9480758213324096,0.01908638280189311,2.139814994451842,1.907281904202843,-0.7609984522715378
3.295400959191152,2.009113331136183,0.9548747210798495,0.525061914301786,275.2434370568203,2.8332992387617217,0.2617957179427066,0.5982045848388259,2.049459902526425,0.016587856945640408,2.877746656205543,1.1134170118180076,0.4697253922649427
-0.2777222804399777,2.7197482489493083,0.7133637173190833,0.6086138165737851,199.26962810281088,1.7343927831901556,0.7449115148549842,0.7590569168751159,1.0713644343954674,0.010371491610246015,2.680367688696282,1.0946484799917209,-0.6071577519297096
2.0278522377249635,5.565877309882595,0.19901599537165227,0.8087896929534559,119.56074336868558,2.377652687583528,0.28886371171718883,0.9012151736514128,1.0347558637346372,0.04229588180098806,1.7914521048354013,1.8336973550346578,-4.186221327629362
1.970442956170361,2.002565004943613,0.6125575598688079,0.7255988322918386,282.43733952344746,2.4162604031657287,0.5469247557631569,0.7979850461449151,2.518739012540735,0.007570160359143586,2.660661900183989,0.7048697293217637,0.1597931961564587
1.9792943744809586,5.0622560476700915,0.15680850409651792,0.34399026311815073,278.812949775201,2.0020229061671984,0.8791176362932727,0.624456803448315,1.511764564741101,0.00017836216260987416,1.998216522131008,0.9686020075821571,-0.6962659011447367
-1.8333692492227573,8.754152651210893,0.025499746729739203,0.5016515631036371,276.5718402425572,2.7166646370859486,0.10338544510244399,0.6891055337545622,1.6536197846240082,0.026252217796373597,2.6949783781624213,1.297307627564402,0.25014731256755174
-0.7550871667789307,3.5377294013474136,0.8622752323651685,0.7165623844072807,100.59941592947706,1.7430016086953466,0.8884818217711041,0.7642933444236805,2.3427380069542405,0.0064278478222715985,2.7341478530631678,1.1021311796271382,-2.403337592333388
3.367640175627945,1.5839884589520759,0.4427835797351064,0.2937808858961527,265.66758199939704,2.8770324887890224,0.32831921614880777,0.5537976472135893,2.9226758205690357,0.022771842021552677,2.7701211774695107,1.2810572990951772,0.3480571851339057
1.7832214446300538,8.205603878328905,0.5163165409628023,0.7168993258900681,199.71974722341577,1.838263548942699,0.7919234550318027,0.1405154612767957,2.167111248303196,0.008221005441405733,1.328833111594508,0.6879018394301228,-0.5075666771667244
0.3689111643556444,9.806378028956189,0.5061186422288136,0.3811737723839018,231.29136794846178,2.2653375271441654,0.5259424386767887,0.6525438263042088,2.9717932227251707,0.037968199311571936,2.599024245604803,0.8763563529000269,-0.08125076851724411
3.5654332923763246,2.4075111241716254,0.03333312523259413,0.17227985723568406,450.3360104024013,2.5259109678179863,0.17415388858789696,0.21850586070580014,1.808170032926587,0.013048362338342495,1.1736338944023141,0.6502005147904881,-0.17087998239534397
-3.5130735721941013,7.160837083477904,0.9948490711881184,0.2953886101232376,120.92057056609636,1.900752791650331,0.6032350348648328,0.5190652204518839,2.697617940842589,0.004450159995332176,2.3321645398472346,0.9642953216090124,-0.5157733637242032
0.6427745009710648,4.302237904404539,0.11763151198039457,0.015436225991192876,144.7267717933181,1.5270427766698496,0.6109878424251364,0.21128395187817733,1.9327746504349663,0.018208063823819672,1.1225346259265758,0.7764602718906253,-0.2221530509076004
2.629923506905542,9.530069366500873,0.37156468861507985,0.9845052508281734,340.85847325020353,2.5565851241572606,0.8067215437226046,0.8759527959551442,2.675036323113029,0.012656369993799349,2.874094210013467,0.759287236307725,-0.3027960130863503
2.723161435941625,0.9753935261071411,0.8490244338051797,0.7400492441995085,259.3682609894082,1.4377062453048743,0.8562234964179555,0.28522455649193795,2.755890639048478,0.02378746436167266,2.5874662238314157,1.4263715904044676,-0.44806275872065604
-3.063801761230705,8.581427630876545,0.8723733944075402,0.22058656899822204,217.0076757000645,2.893056421524672,0.19067035033319765,0.5820901490812952,2.582529111559828,0.02972993573730976,1.057759566179608,1.5226243688806602,-0.24782036108997363
0.04758781562139536,3.374626910988887,0.380716643878383,0.016197609179278927,470.30835500685936,2.1774007444551735,0.4205955339594276,0.9107217356669856,2.4929912706209256,0.02870001336184291,2.0633504891054786,0.6219973759856132,-0.18453996237385129
1.7947534291511937,3.628889377980814,0.38270589325169935,0.6986689501375617,87.70658253481346,1.92252215551098,0.21651815843923636,0.1517270442174095,1.466750666303143,0.04111044706139012,2.9219957050558003,0.7860611568206923,0.11862470014761295
-1.9368743831453745,4.9078818209362876,0.8507422861229572,0.08539588849551738,464.58859319478256,2.282298763701313,0.12127233290518663,0.6286661969817595,2.1257435366842476,0.03583396452819873,1.1475286321490155,1.5505940957261592,0.3338989169623887
-3.5230109051219527,4.20382866030661,0.9072992281375456,0.6942948925489335,410.5277384129273,1.0477638494502584,0.1289421744998588,0.29199215241653087,1.6241611976045844,0.03707015578636869,2.4437005073609805,1.4742685113108134,0.18911417542607778
-0.8482272891317297,1.9103631809124766,0.5758029870553889,0.08824149626123856,348.5984725143488,1.8473740936435026,0.2610145558737149,0.6503013993494161,2.8151217333041005,0.028323737502679927,2.530824521073889,0.879072210969496,0.16239015565028614
-1.7225047032798262,8.348174211945684,0.9803915562506755,0.34632690172929614,317.2764019134321,2.949457468813067,0.35484044730981834,0.2277703692808869,2.926232919209544,0.03248571060748552,1.980067565551214,1.7363333256683606,-0.8759970046366541
3.5232364549544783,2.3023125455188618,0.8444060169260886,9.509007152275206e-05,455.8331182007169,2.579025934558172,0.41458583719753406,0.24766143695630743,1.8495552716970143,0.02334911561923579,1.037191953047568,1.9945315239088082,-1.1586868385328435
0.9242908958057194,3.529271480491679,0.7777872739816822,0.29937427561563446,169.81105609650155,1.2603030749661923,0.17549457316564807,0.05399044809662042,2.8729430478662246,0.04542411543278571,1.0398010155160191,1.0854528491947872,0.1334394576718364
-2.183434906837948,3.6944040031530854,0.808942667337238,0.5920439730930498,493.6761126280536,2.1691209325450442,0.8295470562867558,0.48842191301045057,1.887325371935165,0.014932697060371508,1.2536750772148617,1.9078008218031113,-4.4748415341690695
-2.9605120880895024,2.867402296986552,0.13323148118038686,0.2258871648780909,67.78125279671154,2.5351874478564307,0.6796347770611166,0.6042230902533298,1.0693562619474875,0.016802053228359478,1.9663359363537465,1.8563467949238377,-4.746065599143497
0.6573855099034924,2.714250059827714,0.19113176128841347,0.19405440690000753,56.24137995880859,1.487537037415122,0.5191490637178453,0.5086876643463477,2.064527209142409,0.027048716829805204,2.6525611078905094,1.7750349240936711,-3.9095094399798525
-0.15678774211660595,8.497713172270172,0.5842864572682499,0.5154026490817739,294.896821617828,2.9275035534508103,0.27048334492903847,0.8361312630335215,1.8724192900332275,0.005026323016295226,1.0693176831617426,1.846878728212018,-1.2004438570900495
-0.8636175337617784,9.27295269849558,0.3955949407293108,0.15289180758451082,488.5439462725044,1.0395476771710694,0.23007819782409156,0.9379056510365618,2.0397855718787063,0.017821699668981783,2.685608917434336,0.859162793313387,0.15632605280913525
-2.780766798218937,3.2059136443995486,0.2635202450477674,0.517873489185124,200.0771838517687,2.0524831413898466,0.6278801408994199,0.8431996173138311,1.6348381379849113,0.007144448109578316,1.750540793093685,1.3333405726256933,-1.1094094648839339
0.92838494084201,3.7792410128561196,0.7154974197718809,0.35279099949706816,497.43229983797926,1.5797365429525567,0.21496050853908316,0.13359464961334466,2.799427068626966,0.020969890927112655,1.0862113368967317,1.6256745301952003,0.26996236649171446
1.9761769619325502,2.657851645143344,0.36441506333497553,0.9950350191199282,493.51521640419963,2.679762768196836,0.8845298874740242,0.8047076652937858,2.7681261103939274,0.03430128020945283,2.377088312222856,1.2913293010387805,-1.6088088877950648
0.47560545930848264,5.90043924124402,0.8806946202929897,0.49620355202424926,199.97572885489365,1.520035509891076,0.6750356567019946,0.8670171221058485,2.0963845409064272,0.03798833649579322,1.6667919694299316,0.8668738700254666,-0.39836110588947093
-0.42211185643892524,4.21737964407705,0.09912446855011059,0.9747455010245322,217.81938253890314,1.5038284571059692,0.3717953303272685,0.8198629347256408,1.3656668298312098,0.03123333885726844,1.9960504061429802,0.5733384809829059,0.14448445422015221
-3.9706686548419183,6.690963976394777,0.5990045893649172,0.6474720165170534,491.5941305649132,2.3321184068500243,0.3880545804566743,0.32108451491885026,2.784535457615982,0.03898521363211616,1.821689205006331,1.8991197954533834,-1.2848685965747082
3.0756834162577924,4.417455711635016,0.9909996558870292,0.20643785545924453,78.7599499892269,1.3674637869389135,0.7777713847861991,0.4084866928533544,1.4648325420245791,0.00482151970719874,2.9909979984079076,1.9967518802857436,-8.238701402289868
-2.8430291237376464,0.9977451577805185,0.3888397518920247,0.019149567669694445,414.12857421302044,1.070844926250895,0.8370770816079809,0.7185788621329793,1.128856201784478,0.013689600740895626,1.1783187212523873,1.7121000329877627,-2.8795031604279675
-3.4260371684194713,9.305776361480024,0.20565919602366967,0.8750071255092353,311.3793406860068,1.5853612866558366,0.7490026606857177,0.49695643725304317,1.223776565166064,0.026248242295773994,2.9860519334018996,1.8755174981396938,-5.877373548477806
-3.0517671575353136,6.814914657344198,0.08612731654983197,0.0870419166566655,451.6785157876734,1.010988267255775,0.49811622538845535,0.7152312126755307,1.8205144625221983,0.029326113676480678,2.997502812681116,1.4767509252094895,-0.3786116136721449
1.8035638562274778,9.004350252732545,0.4993317960315812,0.22793782619010927,430.8299907913058,1.2131933031089608,0.16227246702049414,0.5816491454753892,2.9804733034158435,0.030833667723216003,2.9528698941279714,1.50776246115107,0.1263323264288232
0.4370349187194158,3.921801995781217,0.7645030214348555,0.1680496967908105,294.14605710631463,1.8085226227119104,0.5152293538057019,0.9720758336184927,1.931080065631022,0.04335544762808004,2.7966625045166733,1.511093742874299,-0.8682845071831518
0.7437611339766308,8.24270953513216,0.459727903094441,0.9525138035078564,249.7381869192067,2.5686613957581894,0.5284982758189691,0.8897174146269688,2.2631433628924764,0.038366508587763366,2.986170110877554,0.5852854338711748,0.02739347684530158
2.2486998576463293,6.3760436863250325,0.36940946625285653,0.03900017692190372,452.53408487306774,1.9396552262464282,0.7761609348954689,0.7395703047418457,2.659483313428437,0.042364780528911405,2.1335231213821686,1.164410556288991,-0.36733158348349715
-2.4513929798089986,3.812223678671786,0.03123444574138634,0.5331672504280535,97.59905904266279,1.5176063888164784,0.3567680072405025,0.248840464125399,1.1791564867196593,0.03720247933538033,1.2556072260498734,1.9373367285432386,-2.548648288519937
3.494523769478368,7.008511837492647,0.13962235583471794,0.5733091025421289,133.9968947107327,2.4889247874005553,0.5186837080839045,0.1606898030073415,1.4346295736177654,0.04389785596060199,2.1436017711863826,1.6159412020757786,-4.867889902732014
2.9338018875948544,1.0767983366926193,0.8375216612383317,0.1651768887863614,457.30433288842914,1.6435582419519195,0.12417658629563749,0.8934988451107748,2.414873459591492,0.005662543625567224,1.7613697655694975,0.9514774617775663,-0.06103700092282471
-2.412328234342178,6.735636398735551,0.7944081459702581,0.9989747064801178,112.41939252944209,2.4734247924362647,0.5605292046656566,0.48344935774399267,1.5832066399455291,0.006067955653685637,2.1445910793548144,0.9815374375025798,-0.5710066951682577
1.0396492368486827,9.609463320856385,0.21014597689794956,0.6373157057940166,455.577407062522,1.6180238010763364,0.642513304584088,0.6100170812225487,2.276867772340289,0.03635634709967486,1.303128741033609,0.941974329558613,-0.3665631701193437
-1.412088656712137,9.9118720053102,0.2938380580586434,0.10795204506872369,59.85202922222563,2.1742365420696874,0.6743452731400642,0.23961475792979153,2.6147985915693046,0.026462521144802353,2.8771522144783948,1.8505591346586228,-8.143773679059496
-2.127503253463674,1.8512012579290837,0.5744059526412278,0.5221265352649769,174.07387751052926,2.206537656785224,0.8734078853950848,0.5904127840977026,1.9323350859752277,0.011642279583824067,1.208665283592061,1.2010084406966763,-1.8792392999543277
1.290612818612626,4.2124794399684715,0.07979102142404149,0.5822815211580735,190.32403001246215,2.759544353647457,0.8495659693581459,0.4708487786894691,1.3677899737926318,0.016523321984259282,2.758907214531834,1.9110041360687529,-10.532376262635639
0.32100881145564575,7.36909156193927,0.4911340981154274,0.5229930695623223,496.8896750215725,1.9729563079712682,0.4709153677970517,0.9650321252383265,1.3983722881136018,0.018024246565513897,1.7045284902842974,0.8752891566952026,0.12494471649260641
-3.1429896587413264,2.676281223231162,0.11199757358446616,0.5109749725854117,377.5588949065446,1.6624598898026668,0.329171769379953,0.46726322856280883,2.1854543277148686,0.04913079395944822,2.213665897334133,1.7607350297775974,-1.1863620125441798
-3.158401904682737,4.441854921760485,0.5153373727468742,0.970949377830476,453.3369053285996,1.63646427545713,0.4214887982492197,0.15831835415920625,1.3589123735900188,0.04467274155581851,1.3631971707700576,1.0017285011857,0.3345102771023126
3.2364483495454905,9.258094862831417,0.37671660405414786,0.09449144396761977,269.00843938894343,2.6226723426100707,0.31096596333502086,0.40156545853218295,1.9225765571401077,0.009362021322452313,2.798701348901166,1.0230253780188374,0.2279798623968785
3.187832227575081,6.21860985755953,0.2810675356736899,0.7193001290528767,366.1556693443555,1.2540708893172907,0.7853942741949343,0.6501388622861111,1.6109683963446875,0.034902344903511524,2.1707186639400584,1.062826071643926,-1.2324409011978088
1.9165386247655407,3.3383560044083973,0.569474180578277,0.7147544942753447,146.2179925737977,2.34336263557669,0.3381120216605582,0.23767187018588126,1.4161312403242414,0.02388780284667661,2.8120615900598214,1.1561293313629428,0.12212706937329798
2.0764067822421257,0.7437711124725954,0.0709685585237918,0.4523728308605667,75.88575328709251,2.4610070854986423,0.8371593025315907,0.459148622040234,1.1207483165189889,0.03623268310910135,1.2831233576152923,1.385407990902395,-1.1655099025550313
2.366063847762762,4.640106810455379,0.30380038960779776,0.1201909704195877,421.5384323859063,1.855568167723377,0.46935717689306067,0.6517857154250428,2.6277775007554482,0.038017513685887516,2.402120944915673,1.6467459329710188,-1.1838416635552833
-3.722402605026933,1.9638852042580057,0.13509395790653378,0.6460712440303973,499.95013370484685,2.6018730900421407,0.11383321688192405,0.3723535111735053,2.070365862572379,0.021088554961005087,1.2082849789859298,0.7159697337328379,0.05935687437242598
0.14855887850965654,0.16399139281387254,0.18344835738921905,0.16393392293352882,130.5813697046664,2.165218251499632,0.25040109914992315,0.2874157237119909,2.780762553098886,8.844963196773526e-05,1.1576246359059956,1.452131323110879,0.23330580805657575
2.499247621390558,1.0864914177957707,0.7723419906533702,0.015825516034728593,289.4476681745965,2.647800029567816,0.1515498476321752,0.6179735359862155,1.5438699321678622,0.040668264160141326,2.3417187626682745,1.4114544073351922,0.16370326032183113
-0.3472336203233395,8.086226259964954,0.877899535947376,0.011044124778625153,56.188338339473106,2.889746298813211,0.7000030433141943,0.2897264686938058,2.0954964920103367,0.03270527394022724,1.2233449803570884,0.5323173200366024,-0.81813935847063
2.1082394871683547,9.270581754704706,0.5961693372398943,0.30105232827660533,122.83649644346254,2.3699604298393746,0.4935101529228165,0.9321327432408333,1.8268906676546934,0.02417029076574267,2.306128822270689,1.9245386167690595,-7.291150369608202
1.6047123756298678,1.062391941678178,0.6413628533814589,0.0768774876149585,68.63436146371194,2.8696792093351053,0.10333281169813598,0.23247944546676175,2.854020133345446,0.019497202075462513,2.3134491305898868,1.4788311828449952,0.14252335604557909
-1.582700897411419,6.111335103409868,0.442643797744922,0.4617827371422897,467.67573823518546,2.252416705614938,0.4215391832396813,0.9241397153471245,1.0750595982998348,0.021709264096967457,2.9051386438722173,0.835871122902518,0.09727145822582117
0.9256689351018599,9.890206060291655,0.7350340269397749,0.676172998394855,303.9882494161752,2.9602819094465245,0.3923689431032741,0.7494787160144525,2.486072044514147,0.030002606603185412,1.835367700554902,0.9077751038322301,0.09690037290321207
3.5745172626410726,3.4042777574411085,0.7155113395235186,0.3741120311928595,390.26107516321423,1.9957680709096026,0.23531943678395617,0.6214080242195966,2.4710192182595994,0.04722172448862752,1.7224726156393162,1.6728284774253215,-0.2282563213579194
-3.8175406220594637,2.6790647774131426,0.41058859945569115,0.24199496658043662,454.0417532798391,2.806024094383565,0.7695081936121198,0.5867732882887576,1.4480637212867016,0.009196263654987052,2.761060943552951,1.2983248813412127,-0.19707993370980814
3.4832912827071514,1.1008682746305687,0.40247275659202886,0.733300913050748,201.02635934840413,2.1523433582463585,0.13383688903704602,0.641109362634016,1.3499220714348321,0.011043176027746083,2.7424146169074017,1.5473223677077952,-0.3899630246982966
-1.7438417710018292,1.5533421957899507,0.6900862676509573,0.28673597852371446,439.99663219870325,2.5639242011570094,0.3279003878026491,0.5323161901686144,2.8929763626543092,0.02257661821959092,1.356726943541827,0.5026657965596653,-0.2573374899158154
3.984915609923452,8.194544450889884,0.052000079068291516,0.5644647904045731,76.95863908788756,2.2343402923901907,0.6417971965886935,0.337686783176423,1.0973127005107564,0.009232733022419821,2.4719041112856965,1.8599917537831607,-7.5743145809554555
0.28728786389227867,8.990517192139986,0.4541955568993561,0.5095076486325982,86.7256561895246,2.3777833187233397,0.8410590060819433,0.8762861211196861,1.0821319835610586,0.017744613475736866,2.1216902289331907,0.7571216230340406,-1.9892931430529326
-0.3449591587695915,8.351041820120638,0.8593612562388763,0.2390709874715663,383.3345700768873,1.1318868899276777,0.16627691544123807,0.7447993665138201,2.053809571110163,0.024114869203829062,2.9885539845617535,1.1954875276164358,0.3013829549267534
-1.6128597836747014,7.51866939656352,0.9069565899827746,0.19875036827398218,361.64561519217244,1.3111014188668213,0.281188022115093,0.20545997707923913,2.567152613362005,0.031442362268490995,2.5116049525627613,1.631807685614023,-0.10293085631777177
2.745554469713573,0.4032852811386467,0.029215812707792166,0.8736812617606448,457.0841453908794,2.272815851817855,0.634124351186617,0.42696358558676634,1.3346388213220222,0.013668073300829765,1.3083299013397005,1.0004925800719724,0.24457107070427797
-0.5134194392187981,1.9727078764288897,0.49889218282426384,0.4515265694767946,277.3339083278337,1.1438287822730926,0.8284451514623592,0.7702578678699763,2.805428301082464,0.03440974568721541,2.8831751520909825,1.8808505044852055,-4.729853198792709
1.5322548350568796,7.460883663176729,0.5274013031340752,0.62017822424069,442.4605837267657,2.2216019040458415,0.8839705908232073,0.5245507261655014,2.952857541055841,0.046425676184354114,2.5265403397672,1.73848912746479,-6.933112619048337
0.01732326406213236,2.710042973683363,0.871784570439832,0.5826578116428046,89.86318323542994,2.9683725469344164,0.40902423495095785,0.9693224093985188,1.783688422031906,0.045082383999976515,1.4649439499718362,0.8552512505061616,-0.3802443316393602
3.01067925330375,4.920320394172164,0.6495075510850045,0.44583845589904136,116.75503555999018,1.4362777272922125,0.8560279000187209,0.7797946355523124,1.3825222350786943,0.019826760311427372,1.9239936234868014,1.6278350243794173,-7.693268136460656
-0.27810902523312464,0.9096888234675538,0.04952652445837413,0.9016211899356615,362.10036781714274,1.1446814718291427,0.23592131227901972,0.3877713484788174,1.5677833545160906,0.011716535401054879,2.8780611749511915,1.4069533662775897,0.14651686361783
-2.225944987508698,7.0142794310256775,0.6848054623833125,0.8011189208452966,361.6463976072067,1.0931054943240222,0.8511400512008522,0.44466148256977295,2.71832004536847,0.012263799207968901,1.5906436470016325,0.7043077056717785,-0.05007737836594939
2.293856353080101,9.365254677301834,0.10688626992299533,0.8084713084366194,368.02939634358853,1.2864899427739258,0.5203588940259832,0.4919847039594449,2.90761481746675,0.02694861332830109,1.010741930964656,1.82656473634371,-6.997641702735995
1.6424260835956117,4.36740786603572,0.3454328639114067,0.880802286386328,88.77171057814093,1.0170592798651537,0.37576319238421996,0.12837235050582355,1.454050553119126,0.022481279825270012,2.408248624916848,1.2052840711939956,-0.547472926264613
-3.990655036132714,2.3044683869749516,0.7957051388715857,0.7864508688300088,108.495211594489,2.7054431883457983,0.8741222186028698,0.7186028362411554,2.3894862170510227,0.04929377750094405,1.7595172364554816,1.9456413939987338,-8.733172653140151
3.7701342754510785,8.692321348332376,0.7099125133686075,0.1686593195108036,368.301964720169,2.7093628627236597,0.8067288189358693,0.32047021698059597,1.3417329960289586,0.02133787450312738,1.426605198998824,1.9282390359157906,-9.579694986486103
3.9621321755880006,2.9081690781162894,0.9114156559475863,0.37147965298356644,186.29734273116958,1.4273771947046525,0.4991174293583436,0.4763774587648957,2.604982972795998,0.022996136498485982,1.6003979111375919,1.898008235750832,-2.152582055391311
3.583065323818154,7.4236178217330515,0.37219607840801083,0.09486671681638048,233.93493869673344,1.470884410154138,0.5733488282511584,0.653939017187309,1.8406462985049465,0.0426518586875145,2.749223060652115,1.0719943098966402,-0.3160028131792083
-1.2515128813930874,9.161006817967314,0.6137449535460776,0.18595135720129297,196.01904724527975,2.9178088526908086,0.13353572849260537,0.26080908284796867,1.4079014212039769,0.024617397935245745,1.9022779071340166,1.7197278530322913,-0.6018371431562384
0.7782412680080961,5.809204074213006,0.461041273421111,0.4837500223246961,77.30451640829469,1.6560747307320902,0.6539995690683925,0.9090988976206532,1.8419860146507272,0.04199826837005346,2.697772948744235,0.6525767490744305,-0.6538087965601422
-0.525802308733061,3.4721235542199604,0.8288049968129015,0.5996926641663618,68.37405210837893,2.3193099716473906,0.11851155777795253,0.1545014440021979,2.2484413639513265,0.015345934528052102,2.4926401963300195,0.8553592016719765,0.16155424143585195
-0.3686793182769721,2.610798075232561,0.04414584284297629,0.11227110969393628,66.9528099512137,2.779886959657527,0.23371995597894246,0.46907581804871157,2.923997180849306,0.0054319626117205755,1.9394279218792148,1.8945989242877506,-1.1494955668305966
3.2368300400058567,0.6132428618121311,0.6206190363036845,0.031108216812397504,152.62664694236088,1.798593446271399,0.23958011328424691,0.443869709812968,2.0995870369922054,0.0007193122182846513,1.689159021165314,0.6421767721159428,-0.1623386025833664
2.9732501443269728,5.289342772892973,0.33377055690343904,0.2741759522716086,332.3118386916533,1.895783088755008,0.8500713893921307,0.490549633382015,1.5556157914781308,0.04671972716698106,2.2843075760402285,1.6904437246474804,-6.191379533062505
0.7210697579793646,0.7856392548922231,0.5479003955154226,0.5695069710917513,192.29108295852157,1.243371383898724,0.7539625542648926,0.8884399015771982,2.957486455090206,0.0342115150991305,2.5902734090182236,1.1773243412594032,0.30058423041948834
-2.395390874399417,7.736721817368174,0.5829421924805365,0.044473133362536,119.27275605612164,2.986951797972816,0.2629705175638229,0.7048809149145654,2.495202543522469,0.03507985628345478,1.2812876173041747,1.6836444279181293,-1.5910639626785748
-1.984877358787533,0.5968448856577635,0.6152362793287792,0.812349101374123,264.06424019729957,1.5481351197562967,0.3411242703536719,0.413916959537382,1.5612513801084138,0.019640137970762302,1.9666401816752492,0.8092976773922721,0.3316835275403831
3.342596200578474,0.9161138065846386,0.9810531159744489,0.059732249765944934,467.1539380154437,2.044014019465751,0.5528696496739067,0.789388094296682,2.374249827680981,0.0027575991323920525,2.47884540849629,1.5186875293614581,0.10390221053634352
0.6949527412270706,2.5934991678316823,0.8367413490169924,0.6977542824826721,182.19447209261008,1.1807179480501144,0.39621596395796754,0.6799416978770118,1.3099997143496593,0.013901398631732753,1.275322221754445,1.0976566913544632,0.09060776625448208
0.10027356449937397,2.8253970248167115,0.714874198778963,0.27232851638823674,124.02308844549606,1.4952179731939736,0.6887387191130747,0.811068062077712,2.9185674984287093,0.0036802313044046243,1.9428426469925004,1.1241970095228075,-1.1050684590909627
3.4283268430281177,0.45477119278969025,0.16971538042346312,0.11080593851390719,274.4107327795273,2.5720281539179926,0.48218993381177,0.5979904187995418,2.9097802584324444,0.04571167203696225,2.45104355300625,1.4928511462990912,-0.6941009846812927
-2.668106459577184,3.7647523047435327,0.5369401993841786,0.30710834826622324,280.14571540161273,1.3662800480806376,0.6953849264638075,0.9673416553450986,2.485587970505395,0.0013651163267423495,1.6646386454275306,1.1365837886132268,-0.2981473440715279
-0.5209341438832924,4.152008002980731,0.8550646766854303,0.45181830337077,355.9048951041839,1.769206019318054,0.8351403326957437,0.4153124296594178,1.6794943999502148,0.020397694881423317,1.6010555910539754,0.9836535244620448,-0.15364253555628027
-1.6705565436493277,3.309953839239429,0.7869437656303458,0.5513651502250347,152.79392766369247,2.3327202735860517,0.8225438268947566,0.2518638318696302,2.2526136673403707,0.04459879838819728,2.850844269544731,1.2652921011669784,-2.1720734595913997
0.06627247916122414,4.238795287281905,0.6927706281948142,0.5434194936228247,118.49465194579108,1.8346307379957048,0.35482461976164004,0.8129368441344977,2.6852855490188867,0.0055030122777386505,2.5975865602615285,1.642443366143222,-1.2067814475634222
2.7982844492153927,5.295299889383762,0.15513681816660352,0.19700575193057057,186.51007066307275,1.8379894157942736,0.4369882084094797,0.43927990929518773,1.9823799190994653,0.0359378008306939,2.5857782781758543,1.5407201463283653,-1.9228360741748993
-0.09933803326981927,6.900577017362566,0.10029270013693714,0.08217553305461422,85.56726767626225,2.4058987620196755,0.3250667649118004,0.9544049354594294,1.3800649900331157,0.02472826848865772,1.9505780810001585,0.7886018427237408,-0.16761850293569158
-3.267002293448468,9.764206286166932,0.2408112501611449,0.892701017747198,54.65488634297003,2.805009573735888,0.6180292863503725,0.18015489129733614,2.659611747842398,0.031317272507083126,1.2782091355300775,1.5992020955472248,-6.4405660914556755
3.1040633050225637,9.959548057533231,0.6100259111375383,0.18488977149786634,151.23768713092983,2.4617306895297926,0.10739899187800478,0.9510436774175484,2.2547281035280546,0.027351476870387956,1.642985280019321,1.6555018935259302,-0.8095272509085067
-3.190504584243362,2.273292586496675,0.672325725825882,0.39115566205773666,355.70429699549055,2.0378134301020276,0.762632880370692,0.8636563735100766,1.6094472562658322,0.041364872105511236,1.4216731722196714,0.6009915470298515,-0.1123202144228872
-3.4481932818643024,6.960743427110935,0.2824818738329776,0.7000900367157693,170.06628908941275,1.0955492395219637,0.6119617692861568,0.43150486963680995,1.0085099968975009,0.020934715179917435,1.9965464140177556,0.8735461278274153,0.10100693685975681
1.9937916298430283,4.178071536292617,0.5786769606390507,0.6431050077897904,256.51068009734684,1.9342546500415083,0.15734031669199844,0.26197643433972445,2.278150012826015,0.01626251308188617,1.2194127634467655,1.5298348997267597,0.17620744572038272
1.8980549956009884,0.6661102635196725,0.17124954167382134,0.7450989565352742,63.71335204338226,2.658131348247979,0.8932472712936986,0.9813563946809776,1.5275572447152355,0.018956572444715398,1.650464878827794,1.9223090106090812,-7.621736737068062
0.15624894445494775,4.9964273785249365,0.12433683393412975,0.7931901716028428,146.19756919656948,2.3067548224748684,0.1440264003949764,0.8795368884691046,2.2328598980161223,0.0015824444576222675,1.7062404228616992,0.6493099232244752,0.01450516678177094
0.19165518920890445,3.572248810745202,0.4332153745555375,0.47245052506635665,72.0723348092236,1.21947510390089,0.10138710122253523,0.89365520028938,1.2521644979995383,0.018922269774543084,1.1182522602138711,0.9978369187367082,0.23825299025226265
-0.3348313783752328,2.467890492670474,0.09644794736094997,0.018274923385408814,106.36072478238253,2.7572642769701714,0.4260402740069559,0.6813097427471018,1.936390639940779,0.032687347158316886,2.342827165486077,1.1404641286535564,-0.49384965922955937
-0.06633079177565193,5.6450382620415045,0.8231911118353933,0.5782090898066564,434.7479836385704,1.4277950452912067,0.24399845600019107,0.5431379731748035,2.409159550557403,0.04121364780061367,2.274012460094877,0.8029138253098882,0.14322084553399395
-0.2567660953965518,4.2469940061647105,0.09642325199100854,0.7128655026391543,227.51547036528385,2.820156209994985,0.5043068806078898,0.8828562402500341,2.3723932620432233,0.02932857166802801,2.6333741315017534,0.5386778403401358,-0.02346423955244914
-3.0035591845703262,1.2743555141964191,0.42700406555017223,0.5675462942227485,307.8218431045696,1.3769502553037938,0.5119142309468673,0.12115085365069207,2.266171098304288,0.03370874898692121,2.2315760629748866,1.8719433251182498,-2.2094347963608874
-3.0970464143322145,0.6164348375534023,0.6020323186432938,0.7417152496654041,273.9966388075828,2.8403626727303584,0.10951656372518732,0.8616548075378357,2.4674213835294285,0.03607247210618764,2.371603263597045,1.6151603780377677,-0.043128502717247
-0.6733921263125264,5.48524902388706,0.1636872806362465,0.6032113522383361,497.5216430034906,1.5902735314399796,0.8769996167953681,0.4567471557213963,1.952795010149789,0.038819960324829414,1.2867069570195582,1.14329027588888,-1.382691840830546
-0.6194828546423308,0.0594306811176859,0.3308329151013464,0.816766521444136,319.19266051685435,1.691366632748282,0.12409080504681987,0.9934264523570735,2.1112186641844453,0.014361495512175955,1.5155301542368902,1.9230151541818317,-0.0873203331899377
3.3538531494672466,8.18705556324748,0.827425845596331,0.11213503742868425,373.6549193444342,1.5025638697454748,0.8979489131239587,0.341149589508364,2.89371431662778,0.04950214548097023,1.6451073898801685,1.2981211988784476,-1.6055852907434853
0.6315635346364452,2.113983230848897,0.6959785486060323,0.7476915399051546,385.23058500504527,2.6192414432686535,0.48575878683744367,0.40590172380103207,2.978271398382973,0.04840697087820691,2.382819766802313,0.8311345583824379,0.1860324079240283
2.5459416285201506,7.037648499326487,0.6939012606608048,0.17795949323381122,403.7379364708349,1.8568874581449046,0.6313511295542696,0.9164982080206739,2.053441686260167,0.027091173819649223,1.4004774052119562,0.622307672354347,-0.13333228953497023
-0.8782452681616082,3.2071728336110086,0.8757473394903439,0.02637631691118769,85.56955793077358,2.7973881814664154,0.5460350777905182,0.050129175262467324,2.771995821985396,0.029804479781721516,1.7721695229744499,1.8219600689916353,-4.284233539774164
-1.195851767480458,6.833871344339521,0.14108588085293783,0.8949087539308019,349.9714531491859,1.7879761075336242,0.1079542177407241,0.19473128756254554,2.9025841080957697,0.003849310758590319,1.4520690362889876,1.37439906371016,-0.07574002685772596
-0.4750416872242589,8.958291473762412,0.6654311858769419,0.40838450379023716,268.8640146762665,2.795389816577785,0.6639928142459665,0.8976032319287086,1.685114167633198,0.018730394515395484,1.3837710815720832,1.9616569044606007,-7.383382241815138
-1.065032582277647,6.226858543765211,0.44417742793245385,0.1990609157420774,452.95597604308415,2.184132230315818,0.5197698587062746,0.9322740963553326,2.0250624828777064,0.01798480815156387,1.5597507433690787,1.2969613807957856,0.009645318508750056
-0.25596253813529923,7.794520889395616,0.5602307613941538,0.3428372999934578,241.98527243513803,2.0943856453642784,0.18573473929056572,0.5292782276476653,1.3857804684222277,0.016229345719625532,1.9235516565089958,1.7949678627911148,-0.6549247915865106
-1.6531837510914862,8.781415622977818,0.7864775289811822,0.17443114473533872,289.4120032859605,1.4490922496251901,0.45736589210840717,0.7554995729239586,2.5892713860087864,0.03886378189221677,2.4794047384940967,1.8777431091003378,-2.135981621391333
1.7187170243222027,0.7797704938731753,0.9550257787331408,0.6936517353925656,94.78575562584032,1.905085851158886,0.8862707480766651,0.3840779023051478,1.6278539626546293,0.037695014267905246,1.9314400670742342,1.4795575278319932,-1.2158108526254114
1.418195009935019,7.614289908334814,0.5806533214872084,0.5613110246644931,77.82255836826789,2.7849802015534033,0.1407374069017111,0.2774651156307064,1.7987201905150925,0.000714587760630997,2.4280789106301257,1.0604159698244984,-0.022670787633372935
3.112772747253298,2.700529391040206,0.07342273134340971,0.11851820782556699,180.46584325229458,1.466747721571678,0.6284631344207237,0.5092155103917292,1.9078300787434925,0.018338167395270413,2.217641530354374,1.4263858747512033,-1.0142380691324009
-1.8734047713919395,6.747133834214557,0.6486129749522057,0.6904877098240761,215.76155388842534,1.0551552786320604,0.4402984093556358,0.9896165929939301,2.4611785792328673,0.027348848713852836,1.5131097747813929,1.905473931978233,-3.2488959670003936
2.1934307441552185,9.19524206702244,0.011153755569246582,0.4250052994140645,426.65003194493346,2.759918557984828,0.4956454664884701,0.46770790345922353,1.1831060034801657,0.02804399377115198,1.4104038613497263,1.3629718558265587,-0.8179432760200185
-3.0150196384293615,1.5035556553047902,0.4782535499653844,0.5326894951263818,462.3242246577906,1.622312907736002,0.14104390244360154,0.6563235368664633,2.497407743575441,0.012392752781021156,1.4557962583017179,0.9232750461246855,0.1915649535044418
3.135471607748009,2.06869118220228,0.806864845134126,0.7203522092143603,328.7152159154802,1.5799458502332453,0.48620391124077667,0.6731552362280692,2.1897751366761646,0.008907744302960397,2.7777983157159154,0.7329463953684451,0.3237501431674453
0.3410490009392797,8.072692730523105,0.19417545338707687,0.6985709483156873,87.77014902679853,1.8497767863926549,0.3469536449316717,0.2614990993503426,2.876668624820864,0.009027010495344623,1.6392672694339614,1.7972593362195206,-3.002322400823741
-1.784869794240107,0.6727428421150472,0.6453175937855977,0.5368627097107173,377.7314597027372,2.2817659581455647,0.5314162383569495,0.26112756796210834,2.8153827354918572,0.02269801344619887,1.8442453433403543,1.4382134987656403,0.25220094561410855
-2.237419888901587,4.045776730962967,0.10443886171627159,0.12777740763647316,486.8744249709978,2.863516210074051,0.6919816546767457,0.05212118629155702,2.501974005078684,0.0025097235165398636,2.9710873744569732,1.3089788066540957,-0.4790406088558794
3.19102790055922,6.747136976175437,0.5242895177756558,0.3868483552843859,228.55897360792454,1.2905693981785362,0.8896206394244622,0.8169167225991355,1.4976089196665767,0.005522407365236854,1.9519438373153055,1.725363925700493,-9.30203913674944
-1.8180489830102982,4.726554771093045,0.6128263790141192,0.4218127458957369,338.5635236290062,2.90640142392256,0.7790966899935597,0.5449479504882989,1.9924411169348129,0.019473782653156826,1.896899040458174,1.0280260058217303,-0.1047360402479327
-2.3893427028584515,2.182915025488393,0.1921991122465505,0.38496404264292217,323.77079275580684,1.0157081263293521,0.25764344468539485,0.5096814536102083,2.398521789069445,0.031933401249038276,1.618906167772827,1.0269245162984983,0.34145278226113807
-1.9339311663742542,0.5777280522841277,0.6082462109692155,0.21795487634838462,356.6685968871475,2.5852112927400928,0.30378903817210734,0.11112086828902255,1.2349265063617907,0.04258236575542969,2.544647071492423,1.5438175156138065,0.426581820459783
-1.2675984029209229,7.841893727454111,0.017857335336115,0.726962094888679,418.9350233390865,1.717229968313851,0.1880127171662318,0.8123898792049992,1.9803623835290673,0.03723246511043474,2.093880464168195,1.645766906169123,-0.6156415646016431
-2.8447559061715895,4.955147036441261,0.3811873767669911,0.3613972830907526,434.2204470727546,2.3422596365399753,0.19510665693856188,0.7176472764215472,2.258828894580626,0.0363582655648817,1.44248335536729,1.4916718789838848,0.17934175906901628
-2.934975954438195,5.97340521432007,0.9573660776930272,0.8104866077916922,319.3589389308534,2.5462405804759554,0.7418422223655868,0.2195973523546907,2.678446065787847,0.031730856473047145,1.0425695123433292,1.0240551558830155,-0.4536979683954654
1.3041890048546954,5.642829115809713,0.3465220860292011,0.6278350730384521,364.5352205619259,2.8256293454252326,0.37503236193099887,0.5039489809648054,2.3134043301066907,0.006044656600554338,2.204789117042538,1.1115991165500816,0.11895203093751494
-1.1724268611119886,4.932006138064313,0.7781066916301941,0.2117245315597409,149.07680696694212,2.7014952247976227,0.19161754140438392,0.7185948067817837,1.8451214673910485,0.017582112566650078,1.0121142756175854,1.56605514038776,-0.41776071515260704
-2.340406251353504,6.6807758652906655,0.6276763099187475,0.06560783491737532,58.53250195867422,2.518044760247471,0.8991021400597109,0.10589965937114641,2.8500818767950813,0.03023810996970354,1.1215412830454694,0.7928518210195126,-2.2653088856222343
-0.7080559929216896,9.731958874647347,0.9887482626554586,0.655214145846082,86.9381652227105,1.3108425810646491,0.4697498815790806,0.6403609314711785,1.8248573207245466,0.048305199166841686,1.9490357778568634,0.5825598004461185,-0.20025843888117656
3.4557614722950802,6.100233609563607,0.15250886293074273,0.06519984038515958,347.71283872777775,2.7102763333740905,0.7292447752272014,0.26883546077905374,2.069849434159681,0.04659257744994105,1.2131145435680262,1.3478706563524976,-2.6520263333900416
1.2860621892963948,6.152013376054041,0.17362245115796482,0.914770294397456,80.71881883533234,1.8452149726657217,0.5015161725252235,0.11792237635547037,2.9904826241129503,0.018310524797770785,2.368573081097807,1.0752051952047021,-1.4814325825833912
3.9094335413962575,6.139741186937211,0.6117597169613728,0.5179342585164103,438.7946361317356,1.4604012036536993,0.7762178308830353,0.9218361596120753,1.0017659672159964,0.04751048642992691,2.8288068808742084,0.6272261287458729,0.03245594939981
-3.03080182202022,4.810154884395013,0.3918034965735838,0.07563660307952591,257.93709634458065,1.5079471545487253,0.8817446754615371,0.8560628618940195,1.808151438993819,0.04321516516453572,2.2291907617787876,1.9020301038307503,-6.729090935380257
-0.33861433450610434,4.650230724652968,0.7541880576361837,0.9453434357508516,150.27398457874136,2.526419609928455,0.8257330439566772,0.1839871655017084,1.5158910466725641,0.004130884982566413,2.3936211371185827,1.4024611869761134,-4.0222754349932925
-3.286251246493676,6.943601115536875,0.06787597705476156,0.08923911887239233,282.0416132748703,2.671165664036261,0.7430482221797762,0.3099522925616053,1.6058333532143003,0.01969903582490172,1.6187179329954617,0.6738137935774968,-0.011705122613219654
2.7230472284039013,8.663969299197912,0.8053481846656434,0.2663351031686936,174.6235083314055,1.9414940612735387,0.10988225701706159,0.5416599192477302,1.6120174947756276,0.02520860102023196,2.1022018010500476,1.9641634507045647,-1.5154706362860968
-1.4410990171622275,4.819396728506314,0.5201030730676907,0.25955454037186165,343.42141222250456,2.1100402503441593,0.5013127429635781,0.7309820079438056,1.0290244006208245,0.019658971517440494,1.2169428948282561,1.1559147527611238,0.13347873061679483
0.5851933629811876,6.27893864238991,0.34125193105499385,0.1275207755316613,352.77433218069666,1.2172034048043432,0.6603064985169155,0.10624520518683574,2.8053879387834684,0.03891802042942131,1.0461484150379143,1.1168949907122272,-0.655203877468016
-2.9271871875498174,4.27711288089708,0.7233581396970069,0.09819277313017549,387.81160666844966,2.5005249517312897,0.3184711323630274,0.9599949405775856,1.5802794274666934,0.011305521163162392,2.6467658899580933,1.8782161335546894,-0.3333746271744116
2.084553688857768,7.005448657981969,0.7756720709891226,0.23367443384468334,179.40015573690903,2.5258603513752247,0.35498242022250504,0.12991950179988163,1.6545699312761888,0.049346037932701314,2.2568541219202585,1.7561218351852586,-3.3852982914015897
0.5133687355207979,3.17073364398241,0.6743925339669233,0.7867901512037615,67.30799191644256,1.9972609493760658,0.8802888575668527,0.7348552333644253,1.700279576395271,0.042560619404584436,1.4779956911532692,0.9500612901903613,-2.648092958878879
0.5566929801005553,5.6902991809533745,0.7901396309920847,0.5290430371172983,187.6234194975436,1.8969105487309288,0.838778733282484,0.9325125421242414,2.9260229183718236,0.009041324698319586,2.4747593502326852,1.979619223624498,-10.479098081163508
-0.35941027830051553,0.9022994718909427,0.602131619568974,0.7796561451629388,265.33183360993667,1.7967712378740057,0.7086747605808779,0.35262100858418094,1.7480520351658426,0.0021269047571282453,2.380968081091379,1.2834934669010598,-0.016090076803230158
1.1469846259534426,7.134658281609782,0.547880944597279,0.5631071832812673,183.95005878734148,2.8383654528980555,0.355038551786924,0.9146330764258074,2.4047678889074784,0.021322154134405677,2.873971785904196,0.9629994199931193,-0.042318463713609145
-0.9217828111439434,8.637540389332143,0.08234847785603461,0.024675929477827263,326.5735539812205,2.9043210135634947,0.4232525517330158,0.5536152115366745,2.3186649882705224,0.04326894142961159,2.0934401896829407,1.7899202145418334,-2.9859339754343863
-2.9065592982870943,5.344226945112643,0.9956253090292652,0.8859562224949149,121.5834740829816,2.3207984689957346,0.435904810690252,0.46720361088343443,1.0623274821357576,0.03795290350615968,1.3618610691464414,1.2912270092942597,-0.717265250261951
1.5201011045807578,3.1091410248509375,0.4042766549958734,0.639285143717145,435.4012878442617,1.4665801736730808,0.3240749315721737,0.10840999494442903,2.1388883492644593,0.04001964404208948,2.8332592692014944,1.0395301937048078,0.42289922001992
0.656581641960222,6.753974874125261,0.30248773525681016,0.3612863297457667,219.37379025170486,2.481865986160808,0.6607354008599462,0.32834338670739943,1.0365250847016716,0.04207664550624285,1.2286911779806085,1.666117948493803,-3.6297836283256233
-1.5293277821805713,1.0722725814558864,0.6279314435111386,0.07854085992150694,462.1233107891589,1.5569441712236582,0.4738358436298208,0.8945431502777111,2.3240656921632663,0.009603846622884145,1.337860079313858,1.9704759048043403,-0.7184699888987811
-0.6409973554970358,8.034087872653853,0.02619732562346344,0.9936279018142478,346.7938436105231,2.118127097587161,0.8336973535741394,0.7367690392989089,1.950125766881981,0.03547598368292343,2.2740502317047673,1.1994341585391006,-2.6445479895028448
3.4183556376977755,4.809480033729837,0.8639296291102744,0.1527083486330001,243.8953996191077,1.3720939967226116,0.8792296924903887,0.8660827043072648,1.0371153560128425,0.002750449551804124,1.169937765537874,1.94072490413141,-9.463467215118685
-2.525885095863485,3.835333516482855,0.6467428874473604,0.03770783500888608,76.55534914060433,2.4673433084214746,0.5956782312480176,0.5841536217736332,1.0062341166450464,0.03591475863580043,1.1655433509804038,0.5089029406592548,-0.21184551360467085
1.317926826797419,9.443893826966587,0.8462511253217725,0.34659154262676883,317.61081362254964,1.136580603112963,0.4376020937202648,0.48602599947188574,1.0077465087729862,0.023405083598674672,2.4095982078664484,1.4296024734059436,-0.343965686358892
3.4417716040979958,9.117983474673858,0.7424555075708005,0.6320142859238306,398.9128396716957,2.703104456848992,0.7741267361801515,0.7440584620007359,1.2267536156816523,0.008326394238315915,2.4697421500489782,1.2850403459177937,-1.3463641089496763
-3.9344823136769547,3.547414155301939,0.48431288758601143,0.7444897685922517,61.036929676089116,1.9044588286534512,0.4946850430898446,0.9459706032092451,1.9272724518471598,0.027394101333706733,1.8009101478119893,0.6033327536081012,-0.1446991637398669
-1.4874324041665012,8.909909074568148,0.20283524270854603,0.35366578428715545,190.0082973843615,2.8212639746441424,0.12857129751779547,0.4897553227496192,1.2627707136149389,0.023375538457245035,2.9858626409315994,0.9161202810860525,0.268617807073705
3.412836428153586,2.5782303983154655,0.9161719968892166,0.9423704294697395,436.2047031863854,2.065501433689308,0.3433143243542672,0.134778273104662,1.5041749579038428,0.043517698908076045,2.6672475192972014,0.9699445564793113,0.6334718990572008
-0.3737896264489029,4.424762924550917,0.3326509069762914,0.390383471448733,415.20830243371387,1.283462646080999,0.17048632750929038,0.8259878890165684,2.0162730207836566,0.019295241619016353,2.95205142888497,0.9191597935643514,0.268089789192801
-1.675776750052111,8.16352156221757,0.894544647147219,0.9103784090483632,486.10473064213306,2.0900504593881966,0.6533167828029353,0.19776326373041897,1.389263918509686,0.011510943443052701,1.834708426043599,1.1983056203211213,0.08458145059574074
-1.5695718537404044,1.9319021335549136,0.26764306947920957,0.6116980894897517,56.4719789295451,2.285729392736463,0.6167996825282114,0.9079545057305521,1.6154590880999629,0.03392739924385213,2.4231007730206695,0.8287987558395205,-0.580777050332488
3.130573608286058,7.719902692279346,0.6646042636459967,0.3527579777695432,419.7584669890985,2.0048989380197457,0.4331633804850893,0.567668948249038,1.0941274964000136,0.0006378179840453636,1.107925811015441,1.053688315280105,0.08262039181082603
1.0506258414835798,2.8955114812384797,0.16472082972612867,0.42122276101889333,309.7923113238047,1.7391977266679899,0.2517621389890179,0.45020069249155437,1.5151868664162758,0.04949781120946364,2.5229935115924818,1.684005187735651,-1.16863867336208
-1.300708347157733,5.130971593183072,0.3656113795556589,0.13246904938876092,110.24727210233722,1.0501250058871576,0.6612111051658378,0.0720979948806987,1.1364371803966682,0.031164862844346854,2.4640023282784864,0.7678667433657869,0.08850852981177826
-3.474118453503304,3.8925673366184723,0.41140015606692615,0.40206885075190224,472.17246429732415,2.953092251961537,0.7268002511555424,0.05150846778630373,2.6548934745515114,0.0036245511609150796,2.200858471315687,0.7128833701797807,-0.08621495176525995
-1.7958120130501314,8.090887743813294,0.8392154094909753,0.3103972123764285,302.7981777856018,2.0939150495336603,0.10506950485722868,0.22580731136533994,1.5734838189351574,0.04757603726981096,2.004220855670096,0.5578195361414222,-0.16160032250628364
-0.24946039262784225,7.234106539387623,0.10966186172810066,0.06597609202838162,378.8461637628431,2.784037029054136,0.2949974766284523,0.521827560857553,1.0631379724595285,0.022635556653197816,2.6893417459602214,1.7245770114821413,-0.9493332846621194
0.5720940852056282,1.192952691176855,0.3435831919172294,0.25708361282224546,134.7363027652952,2.6787063769650294,0.2912470928269758,0.6824867162792011,2.50773653986297,0.012890980605502783,2.110491508718334,0.9338068728138926,0.4824453002181164
2.389169456107866,3.6156762972484966,0.6362688932215426,0.8336054921391965,144.63128026100435,1.0630263606755816,0.8377541722580655,0.5762032030410764,2.619468600048802,0.049535533788903276,2.126170054035955,0.8180755472648119,-0.8665627896952348
3.6829306382434828,6.450671854581761,0.6339585360208713,0.6173344524077462,155.34354010953388,2.583467335080867,0.8589244303004911,0.9665657643353822,2.9876002232353507,0.04397164880112481,1.5568616661771824,1.8789711241110194,-14.933459937230282
0.24101178375943721,1.4744771242678578,0.053634044653155466,0.4537294102205326,57.283374849805746,1.9633416359208287,0.6844355770223486,0.8938430042288408,1.9391748550060885,0.02965130144943134,2.2541361812383,0.7728572612028861,-0.40491424858291225
-3.8601820854576987,5.833982676240876,0.721627160871806,0.7926887907836867,260.6394797507511,1.0419067850964516,0.5064028046877884,0.08955872815550053,2.8591738818602437,0.014294713420363599,2.1891913427556267,0.9897185063179492,0.01615612433899072
2.6628970476769007,1.0753661507744183,0.7586430564126784,0.5090900698609491,419.88023178642254,2.0067702126788793,0.6240441642001222,0.612420813040952,1.6200168076536614,0.016249641070594685,1.5445935532665596,1.0947709274843627,0.4931986441205587
-2.3121218223034736,2.4316807740908777,0.17582828893779856,0.7375401552035434,350.3247538498654,1.906404491401016,0.28232294461875995,0.8896400111987105,1.9881657175278233,0.011435498105619052,1.1482055677315337,1.4180182233109655,-0.10625543865253206
3.365414586406313,2.390476326408847,0.7208035534005199,0.21363330626830745,198.56681246690056,2.5795666344730073,0.20067118031200631,0.221295062197979,2.8313152363016947,0.04003638018693865,1.7829280280657558,0.7850386988598055,0.37859735082781254
-1.1780507123670372,3.316388198895398,0.9797550378390135,0.3121867773909921,108.91424011938089,1.787704526470814,0.888552155464387,0.8329312015853166,2.585051121559438,0.010020069525107218,1.6515978424226305,0.867960771547267,-1.1446446487910857
-0.5576494080420034,2.173975842164473,0.6728676000226331,0.25541773300706627,236.88346897503286,2.8338831455867943,0.8432665633480514,0.6801159018532653,1.80402538784137,0.024195289164918157,1.3977818577861598,1.7007821903836424,-4.117210357332194
-0.8818054787845897,9.927728320403185,0.953930643094186,0.10912916370239167,206.0049142399949,2.702947570352702,0.8365702449399842,0.4601577225978906,2.9582396908184823,0.032185131835682466,1.0246237799558835,0.748860482379681,-0.40221081361646505
-3.3611225727776946,6.954663953273665,0.693408332411256,0.8496129035005411,420.0306723625586,1.755950303365047,0.24413835245858345,0.4422261094846291,1.1264939345479805,0.009401569954702711,1.4680216471708196,1.3493402991563117,0.21425754545453635
0.6415498726694526,3.0936904072459512,0.5193529140347851,0.4495628642902151,267.83038989427075,2.4287758603421423,0.698638737143559,0.5127352335712857,2.068970583010721,0.04686432702595241,2.2299778924457927,1.445469209910163,-1.9291812596994808
2.8490763314901137,3.840236762594369,0.9840698512653788,0.8919962484932877,470.9861627472985,1.1562399273716548,0.6963513808800857,0.4314233535756158,2.804858811370253,0.021426009339953467,1.9446384406604957,1.8942917487504336,-3.908169709722169
-1.591458820293596,9.71487883301715,0.8841574078359018,0.2489766163422923,295.2750380142958,2.2499939627475554,0.6599458602760898,0.5783445902334454,2.1867741685713096,0.04310836287623711,2.6248852782861833,1.2716812898970087,-0.568174994866322
-1.721171719937768,1.134800962222382,0.7450696776849112,0.3891196389521122,394.3424448274975,1.8835580789177404,0.8854586026333456,0.6495962760837402,2.3403188369414,0.00566582986400257,1.3561889715433724,0.6499578147867979,-0.08971471299735745
-2.7128654585937575,1.3943451495603298,0.7349450267000557,0.9748567512701871,271.50343324620593,2.0218712911601786,0.6223877206235722,0.5758663181743087,2.9951131139201133,0.04271116791758424,2.5108156098785663,0.978224958222836,0.027062277447466365
3.1075132318202083,4.952183873756757,0.6020401640148461,0.11802383306282105,342.9651138098079,1.0966868062677202,0.47881704178283,0.18863933069639238,2.2273474208309647,0.015284301004961854,2.4977490575171473,1.6858009422103897,-0.7499411483370739
1.7028024013895884,1.2926593705005363,0.23322898040865958,0.5051677940525005,186.93525358833455,2.9784217549572367,0.482131458459252,0.2335515811367746,2.720297994943558,0.014616196074715204,2.761937330724428,1.2748401546296302,0.40320821213503333
-0.06679123874227333,2.7820635206019295,0.373842682946644,0.8085478583899645,472.43734227834443,2.5879385668241266,0.14338954390045489,0.10617999247902545,2.752160396380087,0.015156707767393824,2.9817571994794645,1.0107888813491472,0.35057547419174395
-3.1252308307854824,6.740764408295853,0.33008252829306295,0.45502935263324196,324.6025563348211,2.420058862128172,0.5794372238022935,0.16144764619936738,2.5291480969531035,0.0069428530526968076,2.4086703243156293,0.8721029286437428,0.09985048776372396
0.17249717656808272,3.25804974861138,0.7151153738957461,0.07891461074520867,496.4064692366072,2.4314039950667405,0.45144837925914916,0.0623785520804366,2.592426057559744,0.029181029454946855,2.755385051337205,1.8159380464259034,-0.4973964176544978
0.08371728224883856,4.970389558135871,0.28951678419038507,0.037788559461352955,153.50980030737196,2.808511256426253,0.2930743429349164,0.8728366333748547,1.4194239801644297,0.009241877256869152,1.353685112451915,1.659142513917351,-1.0003760904308274
-3.2850574454720407,2.105626882413362,0.1678738695532842,0.7933246778110595,71.81586535686435,1.7781722915715967,0.794972148122531,0.41540739300070934,1.5896520094999935,0.04862097312547905,2.6546908245720617,0.8578510725634103,-0.8241443138637066
0.2570406406821535,6.323243251334905,0.2925653067212757,0.6038727904363923,136.90514233141192,1.3091741532946117,0.3167423634098534,0.30577645481096566,1.8868864589052605,0.004935198002067737,2.1945125391700193,1.3383661351007925,-0.5758972317249509
0.6149399416480303,5.460505111990966,0.0006718248568181595,0.7478544983726966,330.5663499509669,2.62277225487467,0.6680877987901949,0.7488654453695954,1.5597635268349226,0.012489398656836943,1.243508248649687,1.1105594307157827,-0.9520793765887046
1.7567942018137055,1.5846699042807422,0.4229117633959796,0.4300034394726501,478.5538984670835,1.9752410543741388,0.13185089718435494,0.5621411378392851,1.9813106302484498,0.016774758100776423,1.6625236253693814,0.6688155915481596,-0.004748392907575116
2.2729509387247973,3.3756542135972833,0.4418906045463995,0.5210122305077431,426.70133026704315,2.478876392433749,0.28041994440699664,0.5206072384195278,1.150327256941446,0.019912484478385974,2.4833724830501014,0.6756907070345168,0.007659341935346675
-0.07836631167104624,5.958456459377034,0.3239081046229697,0.3290789027166039,254.30588696624116,1.8789363702797706,0.34702182952681904,0.4273284809437849,2.3767697902042997,0.03418352773380643,1.6337077256899484,0.5224680139407241,-0.07380266024978255
1.6734301906296603,5.711958524995393,0.15329074002210152,0.679001184710913,336.86065442158633,1.469462272082279,0.5389622598000939,0.6923515526575862,1.9032534638818774,0.028560182591832673,2.5598491822041405,1.5381038643934435,-2.3523759262655073
-1.0871541315004984,2.888440451109294,0.7267332144155837,0.45818080551150964,495.48450354790276,2.0056552954712314,0.12920025360013865,0.2898845233633345,1.7638277549574986,0.04708784227102531,2.2712014327842107,1.6490574406794096,0.12077871190270129
0.3038998062468323,5.380098306031082,0.17715226543212936,0.785117990234724,444.82987329016464,2.9728222340803883,0.8321410588195496,0.07511688920396851,2.9713203893370075,0.02685066236957034,1.311443162855811,1.6036815982396966,-6.482632893693238
-0.6845128624866792,2.1408528518801972,0.36364263557189735,0.9085814793930577,362.9368616957379,1.0619936511426946,0.2719799483695511,0.9906648526727609,2.4745998905455133,0.0031613535010817043,2.2982350205547597,1.898640040681276,-1.2915092998019846
0.615975223376485,7.6459635802687,0.4802462022760924,0.5040850423317805,146.86534957858137,1.4720802450309538,0.7479078212256608,0.8233466151858634,2.518769981782145,0.015226694211160347,2.371417932609482,0.7003691591655,-0.4651325524287597
-1.6438261244786823,0.06623631051836387,0.7212089584248172,0.778697779277428,272.8061961612939,2.5574491218747575,0.47954984749468665,0.5067688563539131,1.2486232665871868,0.001113271572122232,2.9728671663765613,1.6918730649027263,0.15697428778043698
-3.907940518237825,4.87355424436231,0.19950510222414464,0.37996975615398676,410.94595954884215,1.4894095446017173,0.8964951566100186,0.568193200353151,2.4950704360522904,0.03028506807018542,2.443113380130395,1.1842507755961589,-0.6876412702837167
-3.7848952632851116,9.836665575769192,0.43785795004777994,0.7155861944285489,144.99302105675167,2.7220635160228253,0.6580240199633661,0.44638698121344667,2.91795532988243,0.032982480815007736,2.3287492597841677,1.4037600280280635,-2.695450896639279
1.7344256346792974,8.191444600708932,0.590284711751097,0.3773149913323096,370.7871169838843,2.456128582094671,0.48673256940032184,0.3099578916037259,2.9018579604165855,0.025441007102064175,1.3015158451433408,1.706509083879578,-2.364168581049013
-2.8236489855441143,0.4086371807402789,0.2304654652333663,0.7276627255856666,302.5555337854822,2.0718115903557583,0.6692747844402337,0.957914399775275,2.171873775566077,0.04177920397195451,1.1576702564006285,1.5546372674236029,-1.726279612160508
-0.56511677760738,4.5929619306945435,0.0665231459312603,0.9852352748242184,434.51917363101495,2.4484311149749027,0.5390397681581766,0.1536262238735935,1.2917944749890924,0.0024250868683562857,2.4710435143484952,1.386526789065297,-0.5031160034037869
-3.204298343066415,4.506913400227226,0.09652448639427413,0.7686714035700212,291.637029847509,2.2175793932841597,0.3704961893535277,0.4201017318235505,2.8306656350929806,0.019729126852528797,1.3798117168857,1.5403642075009891,-0.8467172645069552
3.2935060205277233,7.427732861514027,0.6399703644349046,0.49190444590546234,270.1041358326697,2.8165359215070325,0.36442334263602294,0.41262089794417184,2.2045243081242774,0.03290621126479711,1.8826667206444594,1.9818453900472661,-3.751763404739422
1.3392252361720338,2.3635984254358453,0.04022118769280114,0.42785911577842295,249.2758163709825,1.3577614971403527,0.7758641047180661,0.9932806443862918,1.10800167448525,0.03695099218130412,2.6931303150762362,1.7463650128896795,-4.2643393521969415
-1.3719284534692795,8.678256758253367,0.46756464576609147,0.23843325164926765,289.8813688831694,2.7287819545315406,0.6374152164752905,0.9046118617477032,2.8453135294757015,0.01627109001071103,2.2619497352615907,1.4967353784966997,-1.722955135514591
-3.0184216084202466,5.573480139620735,0.6021814328691951,0.9146300024446948,492.08281587348,2.340863794545263,0.6844046964044842,0.9220763143924919,2.4228223042189017,0.025222411290725832,1.9059207992667981,0.7620185080272901,0.09584583247951295
0.9080888678778729,8.97821231188739,0.9035234875602687,0.19632577668441353,328.48075049948307,2.0646223531160564,0.6524810779908575,0.8998222332764739,1.4514624636625526,0.008013408039317955,2.320895707356687,0.5175612360178028,-0.22922454034696615
2.5912210042747246,3.036550475040377,0.507042976267452,0.7235403563821047,258.2254331251527,1.642447954474223,0.21580958813247167,0.5553183002159341,1.283759426663294,0.028497169767901922,1.6711462942294768,1.4934102084134215,0.07259748288813894
3.879367214499907,4.897575168189138,0.5754005670788721,0.24581549837006822,77.24403112489324,1.5206154000691061,0.8294720866333695,0.2737759223800755,2.3949124723050126,0.047845060953036145,2.1767407433681996,1.1732954997497174,-3.623012657327217
-1.6196183664502337,1.6234515253897464,0.7552620769260651,0.621887254452246,394.0944479077083,2.188881970050364,0.31333189890717905,0.731805211876974,1.5775707116327906,0.0028866488617807886,2.5911923003480366,1.4420884653442845,0.16881838825492812
2.71857668050583,4.4190088364662286,0.1253315621320623,0.8974646661579484,451.68001126879346,1.3270891504587756,0.7349678337081157,0.978434294978592,2.461068822622112,0.04171490638534382,1.9015467954153369,1.684994978123217,-5.658509250380519
-1.256073528393391,5.66617516049038,0.47597898045673337,0.0558758749395557,157.9552239360932,2.102560992005915,0.1411460619917615,0.7577031349892921,2.668710927292463,0.005055831156924279,2.067315559519761,1.2029523565069604,0.15210873950409887
0.5846508401055326,2.9333639116414267,0.7961729858197953,0.6061141892416995,257.10720958812414,1.80465109644312,0.4025897834921979,0.1095726784241706,1.1852368488422895,0.048008564002845894,1.6682281957956224,0.5371875814669433,-0.05940284652864847
-1.7014583278113982,6.127858305644085,0.4926453054589116,0.8384072500785581,343.31710930212137,2.054449886539315,0.2588922356470753,0.9602589887692538,1.0010757102457324,0.030719936989465374,1.753563636944168,1.0879123802115882,0.27884548817408217
-2.21328737537421,0.25938893300557764,0.12371530918109463,0.9364204952414922,477.7749022596941,1.2645748253671572,0.7480218594362963,0.6177186824590797,1.8257432981447705,0.0203615439718867,1.8779411495391445,1.8762065711758282,-3.9961294829471203
-3.9095347004326273,6.890853965232743,0.2539189863230036,0.4786466234461447,343.31858484842655,2.3060809053376694,0.2789025106916372,0.32891791004817383,2.9859870896763234,0.01745136394616519,1.7577141117640875,1.9283440242283443,-1.346183557363013
3.5260332414245585,2.3652273741340513,0.4218518955537929,0.19204314530037625,102.0478282690876,1.9635469803485086,0.32703099639705513,0.8989453512920141,2.8047385453020537,0.040285890465802776,1.3508477351509236,1.078751534473997,0.5203303279401796
-0.7408458663082733,0.3446432709253222,0.09913410653338828,0.9595825130534956,280.8329850408472,1.3603675823377575,0.27078808306197344,0.44423634711851284,2.621767421929385,0.017438560403104687,1.3617811530734982,1.426887447951746,-0.16305068661660815
1.4412345520278045,6.174581035932483,0.2838669133813132,0.3449604393317558,76.51205547060638,1.565757534765977,0.5231690123582765,0.8563763056064667,1.6555211228962137,0.025058294190815684,1.036196243833967,0.6113421456414214,-0.5005537059819756
-1.952069178816104,6.025784955226069,0.978644600774557,0.4269521645118204,315.97840078312487,1.0456581276124186,0.36720982102163147,0.14724663814542677,1.3286810055985558,0.03951128305879973,1.2844232934654136,1.4024242175639394,0.07873068590146759
1.2736769178137495,2.7177784472915265,0.034793136106262,0.5321971966444187,417.62605472462724,2.8804351624423106,0.3755970938256378,0.4972487110849323,1.0384701515674057,0.016759127396839737,2.2617134448127976,0.9490690028624887,0.38331090063113005
-1.875513595900169,0.7679688736516943,0.5258649720396935,0.9997417018013735,406.29399826093885,2.2360898015744137,0.6899188339794162,0.545300905874242,2.0399749876844098,0.017468113330952575,1.8830251933759747,0.8539422732173754,0.23601401159354152
-0.2272248608695735,0.8938922172733998,0.04644242280242272,0.3145456364274427,245.54293485105447,2.135903869094255,0.6076757046664063,0.48822368554865764,2.886648227500987,0.0469707947710367,1.1234208226150055,0.6885733636916762,0.1915945126570664
-2.095164539250285,0.7247354437744447,0.890517763891575,0.5583634360414761,460.6872261121388,1.9787702550342383,0.22937658939048752,0.3537520986922795,1.2002855459139108,0.04214799187624326,2.3022901498181296,0.8858755670007108,0.15879662198665612
1.423926331178535,8.257408176118817,0.015409428952153026,0.15847693317844935,457.9675253212743,1.5323995870142386,0.2731379038448245,0.30726918466134345,2.92452152640935,0.01611624508682377,1.109184532862137,1.7085988566526025,-0.9165745403677708
-2.74916414061551,5.74830909606824,0.24487047168553644,0.5302860255585711,420.7495736163315,2.414960179637083,0.21126626710318544,0.12554538749958571,2.7979550970702123,0.006764665792954889,1.989213962813832,0.5376072524879298,-0.16791462779287447
-3.6794052705920874,9.214480850482504,0.07210129210198335,0.03300688719266598,235.01561451145807,1.2065211467231662,0.3625467071434394,0.8822497810718473,2.836251061045654,0.03234561252679765,2.9692451681650005,1.068979161858219,0.2543827297917729
-1.3432348278161816,8.318809655742385,0.5788273218384651,0.8591872579949086,263.28238056275507,1.5001002356237834,0.3026252188834636,0.1938173165688365,2.125810137242357,0.019012079135566136,1.1923742846477812,1.1409212530089416,0.03900451590750065
0.15131347744588197,1.014483897656575,0.7611050682369418,0.4822636109937348,439.09139470849027,1.240702910142212,0.5972608673474877,0.18510020370690378,2.174459733259053,0.03437807137725556,2.770806798133945,1.737125747311253,-0.4046294684552936
1.8679492234670523,1.6834620761138042,0.04951506277332607,0.7429127084485669,85.2034732531124,2.6451144923450567,0.5377568361410949,0.5399084425995105,2.477937409626068,0.0018460401305695152,2.242175234230443,0.9054494811317544,0.20680170372036155
0.08519893294948755,4.226230640072764,0.5907619670582455,0.4468462217901079,134.75444922651866,2.6218530413523577,0.159600002695525,0.3518663346850798,2.004507697575992,0.010439205855705624,2.8847611151327435,0.7243574379803482,0.10209446812987044
0.7711824076966582,0.13140645392950678,0.06831864710046665,0.6262227135479369,457.9931393273997,2.7282510146108763,0.3985278253955892,0.994500152316632,1.7311499035616242,0.006340486686733638,2.4120841119360197,1.257413592012539,0.30923361771721936
3.8029033321476495,5.497611918562569,0.5743046090873265,0.9875492267903642,390.97329902220747,2.6587095103985443,0.46422101726545884,0.376031163639352,2.690785051167703,0.037776923846660065,2.3833634188391972,1.1590861613149315,0.10508423230668051
-2.5062987665006258,5.892063992824149,0.3944486450878938,0.3668775658606369,473.0197147131283,2.917372039554355,0.8547634326410655,0.7783042170148229,2.664229315622941,0.003008779471761369,2.758579505304728,1.345315961750341,-0.8437298089113487
-2.466797860117654,5.503279299436706,0.4501063994979436,0.4134791619237532,329.7459633237461,2.071576030006511,0.788833360407693,0.10125797631863506,2.6723164420513914,0.006477984734705927,1.207432032988479,1.6284086026450575,-4.158712670647866
-0.673312507462108,8.765218993425755,0.2521604597567394,0.9919181995923679,127.85917151664127,1.2950398427171643,0.1967004934302609,0.803408061190167,2.31690807274624,0.022562892594890516,2.081951117902255,0.817020478724018,0.20991084640694968
-2.667544909078182,1.9256163491100364,0.3864418154494472,0.861964708236176,290.73706848668786,2.0848321571075417,0.3894940542163463,0.5979715157214907,1.177196259168304,0.008677657216494194,2.065793689627103,1.6878271652218648,-0.8711439176557749
-0.27093033168195646,4.1606034823797575,0.49372133294305076,0.4797143057789778,207.6758220051245,2.8337680204708775,0.8453794244527292,0.6744008714708117,1.9814360712408778,0.005360182844167583,2.0453815056695452,1.8450558246707511,-7.700761632471567
1.5968495366182394,9.607414950417375,0.0803213150755051,0.15586981815650858,92.41697733185654,1.4265434764989224,0.2193425092262281,0.05467801711638865,1.3415563483319837,0.021694160382230532,2.390042444909156,1.559328908953137,-0.9102255886747093
-0.6268093470709566,7.288779549183687,0.05917107489329554,0.1360890358530773,496.4496537790814,2.650773443747648,0.10426775319896811,0.35736584156184054,2.044218766517743,3.682113214878991e-05,1.4322485283256117,1.7776064280744546,0.045855129400397265
0.9646458512297782,3.3653830231241244,0.8153499476660377,0.5345782826523618,345.02790301753794,1.2503999387289353,0.3043517529361764,0.6640769160116706,2.090684211056204,0.039555049080015114,2.7935425264898726,0.6820012037466348,0.10949393079754621
-2.520300316361256,8.94506820129605,0.5002264309882055,0.11486555354386341,329.73407915355574,2.72688402493055,0.7212504414369524,0.6859267194561502,2.9190161882297962,0.012787329551961059,2.2783640148607662,1.5030263685300305,-1.4464057550761957
2.2686452928337593,9.518762954814548,0.20005047474471216,0.6711724449334181,235.21765113108685,1.8053885689758182,0.5906082268560082,0.40958862725932893,1.6806664338353958,0.04716621845726466,2.199959847391371,1.0564606067424815,-1.3158765670356969
2.0907480387452617,3.7149975163016027,0.3235843013148081,0.17095450742088603,128.3900739285973,1.6999204240540846,0.5670897692820517,0.3533817751506544,1.7662900179584275,0.029909175929862232,1.6103594529929353,1.3649625999326789,-1.822737149318312
0.7469863628319757,1.5403358741873052,0.5796667490840244,0.6951611042378103,424.5097142154402,2.781461288960596,0.30690509375366115,0.5424228128201987,2.921144817670596,0.036921062955102044,2.237651751533645,1.0735437275974475,0.5683126663236173
1.5719005025683943,9.509843172817366,0.5377958167068455,0.2489317770352567,160.77209320276546,1.278309661566656,0.8550286390818119,0.37472629827382997,1.5831775169646436,0.03347556349802544,1.203671640112099,0.5802272471058018,-0.5075898036010917
-1.4978359725568202,2.3497683596005614,0.9236572587247313,0.08717330610928276,121.85122100921646,2.6776904800066093,0.3060392687474905,0.9833053719989227,1.5102977317488506,0.025848000554785935,2.0391992791448743,0.8088763258460784,-0.019186167161489243
1.3503362611851317,7.225159013394968,0.8917754456615085,0.2651148690853369,341.9541655299316,1.4128820528751895,0.5297587755233757,0.2507055524981748,2.3661586712335128,0.018001976592309156,1.4830781137159543,1.443786707111704,-0.7850050326442735
2.4154454072169873,8.789368980855198,0.05366218298490677,0.2559245724418281,458.2258877917085,1.4414298537017611,0.8720407787805907,0.4999317825473473,2.6291277806079147,0.03299500780103324,2.2531111570853435,1.9185614801414892,-11.86244198673786
-3.6479519727105467,8.479994011128904,0.9157682809273043,0.9473257269204218,195.68993613051666,1.0568305015863804,0.16101649044710786,0.7377897314701417,1.0925297051017056,0.0317158164013348,1.5751102710580431,1.850597955750296,-1.1697087113157023
2.198608613811757,1.2691334996498926,0.5560011916540024,0.6065331352735029,306.3454278325968,1.4005431219887152,0.27543201530152117,0.7000807886877188,1.6106728322597081,0.0037649952082375484,2.4843713320352165,1.554522844161962,0.35618047094184524
2.885215833488057,5.489197013248508,0.2709190690400245,0.7247171668518414,380.07618265447394,1.9042669541627057,0.7408818924535193,0.16412912732052426,1.2817039868877684,0.03485728210002019,1.9909757524866676,1.1968335763632614,-0.5458221645315622
1.7654644170814073,5.003335825712551,0.36745714468912016,0.9338989418280559,97.27932552523805,2.268619554668405,0.6495960781140488,0.4297387889933865,1.9973106054914853,0.0014240332151387982,1.8830718487321307,0.5583115516500967,-0.39310549736835143
0.06271084282952177,1.7305377588582826,0.10631818691936767,0.9638405582010424,202.43118042913474,2.988682039470444,0.4429705117681343,0.7062197316894054,2.652883715955906,0.04116398194047932,1.1141000635283422,1.932269024697645,-4.311673491064987
0.33663151555253634,1.8232730066993463,0.232885877386799,0.025538249480721142,130.48887033603154,2.4219043561792066,0.3802819176615987,0.9261954014813258,1.021083169051526,0.019282627200349896,2.110232064154486,1.3498369413794715,-0.11255021115824393
2.9896391346411733,9.070739860278076,0.7101041121291807,0.2393295934394042,220.84916575433562,1.1630673143229977,0.7818197399891847,0.8456232830565859,2.8532973385947678,0.011623969359907027,1.2388652821993111,1.6230519775403205,-7.628795971130396
-2.9276640783550585,7.346938750478781,0.08455961239159471,0.6993996196382619,473.8822702477573,1.3707656963667878,0.6405044489682263,0.679146865574419,2.5159215106308928,0.047768707129905004,1.7032417729800997,1.5027815042821207,-1.789552402820528
2.8374535659363316,2.98225510976198,0.6464114051820898,0.5729707069306553,482.7280258446052,2.1719886504402792,0.7356331643322459,0.1273317647746313,2.0748792260017397,0.037288771413880685,2.7016258536692854,0.8301374123797222,0.2618870058798348
1.6858617561341473,4.369476024451534,0.3228223863311894,0.9246004132244875,238.27034655548835,1.3909181283781797,0.1908376201181864,0.7450303280354578,2.3192656390921567,0.019103240461667947,2.5175163438817583,1.783116415520162,-1.2888004570472535
1.9244656290662814,4.971365272797314,0.36432691304455755,0.6092077589632573,131.71044924381306,2.6532221730058234,0.25769455338185754,0.08825332115800874,2.3213173615275817,0.03571707870110251,1.7513580268907611,1.7950695608157092,-2.797619956227933
0.551578054233997,6.373675676459582,0.10740122969098143,0.6715736727927022,83.73713926770746,1.5823814173380308,0.39817455253859213,0.6543916306117724,1.0956903559341615,0.012349568183209897,1.5141185957603653,1.3385077495232662,-1.2922648171031668
-0.4508262811536188,0.5033385608567598,0.14761077364230168,0.49600229161902976,404.64768905812383,1.386066244396294,0.47664385278505983,0.3230002070913555,1.0834416045549518,0.021475887304493225,1.4562738894708054,0.5511309160118596,0.0955407976788708
-0.4502139131030676,6.200161252051498,0.7971497758230861,0.6306560654213995,489.9756548565631,1.66573047018719,0.5749420010759505,0.7512606199803481,1.4476355297961565,0.009028618032186625,2.137489835144385,0.969565439357603,0.07224596609105638
0.31196916220160187,1.483699183567312,0.18510918857885572,0.38657418986648395,50.75874210057106,1.6296194914677642,0.8169573326153469,0.6637733808745488,2.2189105274747885,0.007658054057250114,1.8740235892549972,0.9583469858206213,-1.0284893754279496
-2.7054681710330906,5.9539091242308455,0.8475932056390196,0.2831164958735286,160.4366659155864,1.9062590301972406,0.6595125981899675,0.995901373257179,1.0620073919464263,0.006348291657067096,2.410427804314609,1.005887448365794,-0.46571318111210647
2.8442341998465963,2.7243763593524273,0.11628821491367769,0.15447656367409224,118.54013570082775,1.6896794464764566,0.6606698248016161,0.429689777071229,2.2634886394404274,0.049146516701521974,1.958743930145784,1.0155659518876896,-0.24840418940071296
2.1770253843473064,5.176506380488675,0.7308641933332438,0.8484375926052168,129.21590715986406,2.675488149544102,0.5018069507400178,0.8964229555882458,1.6352411049274052,0.016180665572541005,2.086715160556114,1.6997537422018176,-3.3752137514650373
3.777552501647505,3.2832588036447263,0.06008417982100367,0.09788381017721459,369.0722612381895,2.858839207685029,0.49946265245607313,0.12455636287446865,1.2393460770115918,0.043509374329860295,2.0915648388106867,1.1570561996762487,0.5614025824564058
0.4191960911757482,4.906330288960069,0.5022824279799649,0.41548816246790643,365.90102768932405,2.4599409550348805,0.5163813356903548,0.8780904041290024,1.9042972969796361,0.01167340206499199,1.6095563363027405,1.6477265027367383,-1.3529195933355465
-1.2061683631078672,8.19503545173633,0.3243057034419442,0.8988386984941986,472.0566471035759,2.3414215261247544,0.20632055033907096,0.8666235038400536,2.6381744534603166,0.026793359057143546,1.2236926383880111,0.9020820085706587,0.2868188663169797
3.8094153433567515,3.5368846396984854,0.9995199029584417,0.7887245067434147,375.4930813735655,2.3917865826701465,0.5309912198220496,0.6176224198072471,1.707384577868702,0.03142144220582905,1.4438904165985786,1.3637664275318961,0.23813501845097007
3.658983090922164,2.2971665852590775,0.790766998477763,0.389139251179101,409.1613084174336,1.1260800110603697,0.31047773408405926,0.30893308719045776,2.1882138862072824,0.028753608298453578,2.397482769396371,1.836597390189941,-0.7682018301877844
-0.8912962975154963,3.8692025864558524,0.10124929220997625,0.31111037459800484,378.2163339800579,1.8796319414543934,0.23033973563223473,0.8815012017294152,1.4588376766267108,0.021249922983643307,2.7484055863963457,1.9083563690238572,-1.1597047399864668
0.1516851410711899,8.118032803604493,0.7393770676370314,0.8334372722951238,336.5916200080743,2.392510472271634,0.68432394843,0.19940486426370813,2.144154398076179,0.013247957460692052,1.51911832543744,0.5634127636008064,-0.07681543075704655
-2.7235530646379758,7.4992093094227465,0.024229870387864838,0.9301585816080857,224.4007544207052,2.584709741624985,0.189547810275713,0.22546565646146777,1.6466336282748952,0.009699919343553505,2.3946105973962464,1.0062828479414228,0.2421141813208243
-0.5351962329944016,2.2480181211062042,0.2681428787452067,0.6607429351126731,301.80807615484787,2.309402031688067,0.35702397075792913,0.850266589264178,2.1123941056783346,0.01778969964033873,2.1258530402629665,1.0388095453188928,0.3044323390634657
-2.711224237965471,9.250185582362562,0.26008985452702216,0.6406166490165927,138.85804627474124,2.469689253949804,0.2337796838121282,0.05169529067274756,2.3113406201197364,0.044696065094493476,2.3901081149865715,1.4748684645974688,-0.8461276730044769
0.11080595584743325,1.5871133413196548,0.21443703547490667,0.4071815256543476,372.4772660231179,1.8216661454189986,0.27856763401824836,0.16691795524566694,2.627676824850121,0.031665615049437816,2.816244148924166,1.8281898014829197,-1.0063231842544784
2.7473747824879924,9.47604714797741,0.6648071515512467,0.9686109601885238,175.23325902856277,1.717261851897169,0.2339700359643774,0.9947124356345363,1.8306730238768063,0.039532478556986064,1.9831796109659008,1.3106851443561585,-0.8734603932848204
-3.524232419182961,8.75242140818726,0.12874341777493936,0.21506661614094102,138.7261986164641,2.9453890752278964,0.6222877088297077,0.6352131851131386,2.353844757839594,0.01350351877347658,1.7395782566494897,0.8997935035496493,-0.32973775801399174
-0.07411799353826165,5.345165624053736,0.6479043696415108,0.4055787733527697,427.35400616614425,1.1231399158745063,0.1717238688778333,0.9645306769274987,2.3555912256123195,0.014541860943236146,1.625977164764395,0.847735765457096,0.1721768006532931
-2.774672688149111,9.86641083382713,0.6862835153282121,0.1582657203740122,185.42128307723408,2.1905101998563348,0.6742572160916552,0.5256657033134319,2.8249724506324494,0.021485711512419698,2.835925999267946,0.8003327223204525,-0.12004494935656695
-0.7348903991234641,7.265774716982243,0.9473421834517873,0.48896006110896373,315.98994602009793,1.0619744200137888,0.7956057272213563,0.20923030498108475,2.261750398964079,0.006120638929443012,2.5555134129139185,1.295279688300254,-1.4351716425004328
-3.5105410813823283,6.313493066236518,0.21805263652311224,0.5572725274380951,358.8697116099141,2.644654765664759,0.6724512382144134,0.4684772687709892,2.1745029873276263,0.025144382943799927,2.9352278793278637,1.379099461314675,-0.9956889155016677
-1.8260219739447754,8.782628171785282,0.6264646218393103,0.8826476380665188,277.15247097672716,2.7593737757257495,0.2675736249086741,0.2842636118272007,2.075383229548037,0.038396241664272954,2.6081287534091793,1.8262896252289478,-1.7053483048603169
0.5943122825373441,6.168724805886994,0.8017134491822303,0.9554124515692222,307.3597884660037,2.072098600500924,0.37135977889941685,0.5215499884771593,2.5605413795332006,0.015940724742378867,2.6472943077030964,1.6646605310190399,-1.1725812105585023
-2.7350917263100882,4.710640543153205,0.8852991837396634,0.8131010756600051,446.1081868150046,1.471333700157533,0.304199449749468,0.5368550919327152,2.636074152710669,0.02844861463299337,1.1690246917115428,1.0556256489912133,0.25775914021542634
3.2752563860812343,0.6285956255757363,0.7709162883498037,0.3549401105076375,146.36073147072167,1.4108263307432467,0.7761884781262609,0.4906711070678084,1.8307025566152244,0.029629337248985557,1.7848407619054876,1.213317519112667,0.06731475063237513
-1.1679523810297043,0.47500741855938,0.6473765923401636,0.026149145095748616,290.74339844452084,1.9095463136918198,0.261291360580213,0.9972078097369302,1.473519673865305,0.04125344441185247,2.000899764887574,1.9894628372537924,-0.7835993948515219
1.7148440307733184,0.8107839640239789,0.5195423506368341,0.33590978991335385,460.2390765168482,2.9421019716003998,0.7344400783592909,0.7324285725463417,2.479068534839683,0.0037875512047150896,1.3120573916225586,1.1983370843007488,0.41607094493413943
3.6485609920988775,7.4572456606256825,0.0876294954040987,0.9110673443004554,335.11027867787055,1.4715395910021005,0.4500939827200233,0.4911354116799135,1.052976642379471,0.04873894159395825,2.4657963477805183,1.9421832241725503,-6.381889225750817
-1.66347092163213,0.4345821335774891,0.2894792536577109,0.06683325072909774,340.65551285760887,1.938364501644373,0.41355021929018143,0.09853373521645122,2.290825738541833,0.012871063180404069,2.081117144728177,1.324113715890203,0.5400606789665057
-0.9409214857792305,2.0639423637030774,0.21895713645596204,0.8280075385669539,242.8887435676202,2.586816369163322,0.19243440457463237,0.531766389492082,2.941821526309802,0.025517069004613577,2.5865258759371414,0.7831115297852753,0.273448069207895
-2.7132415343403355,9.835122775382356,0.0020191194265487544,0.2217061005131875,194.20312264596274,1.977019536233896,0.8571934212548568,0.19692826859918178,1.6894482327687863,0.034733103223645805,2.7344447331658794,1.9961992816585072,-9.456694939066494
-0.07223076152605845,1.6266138923456386,0.3331677393130027,0.5880036343978359,222.53430577482143,1.8815003059154911,0.41743408210269484,0.28479080524813494,2.82840936843607,0.027542272032165485,2.80972526178617,1.5106580546738353,-0.5339571072904707
1.6078173725180642,2.5820851999254044,0.11997808751774475,0.6404015350521332,306.74349307276964,1.965876140245099,0.6310352576921685,0.12251319148249318,2.677405561980873,0.03843139509169529,2.4596118875933337,1.036501121799027,0.02320944270160863
3.7352605964817833,5.626252041839096,0.25333577688176534,0.7763526725472867,464.08054203377867,1.6084056764019374,0.41865786387256587,0.731090305838176,2.6316995481497747,0.02268125909657684,2.3167227804294828,0.5333950324587011,0.087000831645617
3.3905357362093236,3.7098760246891596,0.1372214507905205,0.8882270191019919,191.33777049029243,2.1392607853856207,0.588935984303632,0.47824772531014553,2.4172231109857423,0.0004494846573090905,1.9833800581943295,0.6071229851402143,0.06666961249619241
3.5382470201327925,1.064025289220416,0.4808712756216842,0.1509041350484226,191.6277995730158,1.6013813432612833,0.7679112117922282,0.919417854580454,1.3106262269631659,0.005966465055549153,2.965516355730067,1.7613701270463178,-2.0670480978148276
-3.0895287985822213,4.319825053071781,0.14187146610102097,0.05965396213689256,190.8984861529802,2.4503415057633138,0.26064393037415445,0.41660572870665075,1.5868346621581495,0.03936291258210026,2.1966179539343456,1.7558983838245144,-1.2956572107397566
-3.050022108375435,5.224752841595649,0.4181523809995049,0.5831081242073223,179.12483073971475,1.8730690289814782,0.6525610246254152,0.3356170155648746,2.643055643845395,0.03642691674277201,2.1835764960741493,1.5902969233319981,-3.0289980873343962
1.1556678840657453,7.757526505172611,0.4453546354437037,0.834285655359271,162.22030769584177,2.335610186187047,0.11535080859777419,0.5278413142575272,1.561105506517332,0.009585906739677253,1.4508318322489895,1.5180689057866716,-0.19463154279275208
2.5385513871419363,1.1580462723457408,0.6730652492349953,0.6830129056358777,278.02433637787993,2.269230483287405,0.6841567392718918,0.17846603249862086,1.4836470139425422,0.035819186691824365,1.9485837717653105,0.8613842469760729,0.6019810457464645
3.8994204903370377,2.7879697840807385,0.7298269715102126,0.06551678787770887,90.73556227590757,2.2527640115159566,0.10769883300164161,0.1753996439935226,2.4597316215118816,0.006461800443501132,2.7778237489974096,0.5711603249870303,0.007413267434483339
3.248216006626669,0.8890308388977519,0.3287552491136301,0.7287674539721027,450.96335801881537,1.2418568895398383,0.38493163877236425,0.14125584312828515,2.0900434571561295,0.023393537082814893,2.6538055668402367,0.968740001229466,0.4417750710033409
-3.2096288169857026,0.8122907785147127,0.4273734407908414,0.9801972910613013,464.22649682020784,1.2371707911689651,0.24287054996172852,0.7939528923448337,2.9202770251410195,0.030139739179156935,2.876531110556205,1.8401849965727046,-1.0539774140892328
3.1306728318035395,3.4936872495836333,0.5609681641728451,0.23520782085361802,136.1524283402102,2.8656145061911538,0.3347280500411796,0.3996449288182185,1.4093702839309143,0.007391873968951435,2.0478530641025827,1.4835649434319274,0.1369383915039567
3.54345027786875,8.562351528882814,0.7288800639664502,0.7954662300065135,286.7186102603623,1.4515716852835183,0.2153719661945729,0.0989089555634287,2.202104468198935,0.0006984901048135317,1.5801113431182547,0.8371549696817949,0.08142638969995242
0.9414764981167867,2.7346674697649043,0.48042439278433635,0.07004548658053311,496.58589848713115,2.432086611167213,0.2317420195134866,0.4052395293289868,1.9057821073473442,0.010180525095380772,2.986736773540642,1.6470208830288162,0.32470690466675045
-1.158499851718247,5.091489689252628,0.12298352367560128,0.19551828479723643,59.91863662209112,1.2602301936210354,0.7990082305669729,0.6721130739244887,2.048974030369023,0.03147260229620952,1.020499089702606,1.4765245656214336,-7.292756283695111
-1.8905381660320693,9.440258420666613,0.4580541369634734,0.9542880191305925,377.89241656504043,1.6907891046951142,0.1465593248470734,0.28225303993135864,1.8941190810309092,0.0389403470491128,1.5766260067579028,0.8995744826152718,0.3312708539034813
-0.40924054098272844,0.937483437129446,0.21991653294088154,0.6302015316978534,151.24132472130202,1.5762690589797879,0.8289850002357639,0.20066373430648748,1.0133225074263432,0.010440223329112415,2.3354408374514986,0.8295976546571651,0.25714331405184354
-0.027783171936072826,0.3897825620095696,0.08405139686264351,0.7464620920925438,401.2403237217628,2.356301268277102,0.7024332534920662,0.580925637553345,1.7963113183668538,0.02139005569501229,2.927231623327664,0.6257174248803594,0.2673711670524209
2.3282766698127633,0.12597513379800085,0.8400903846385258,0.9472704647034873,395.5133993016992,2.7467395587045833,0.8309948814375886,0.18197936669361037,1.6782123457204834,0.030183279424593493,2.590801301041681,0.689255548783815,-0.0530495028443958
-1.5466627464034515,7.376485970785343,0.23075538153310626,0.15369898573140017,255.1437955474054,1.353022744949882,0.8817878047636262,0.5501160990211375,1.6326245976280858,0.03924890357268352,1.6487847023174085,1.5754628232233412,-5.104829986639389
-0.11306804706879436,5.885413000567423,0.9386276164417575,0.23082987328472848,452.8757576802125,1.1161568515785534,0.1379678778858982,0.7248698884860275,1.9610360631022572,0.025737225157896865,2.1538663134193823,1.6556853632065454,0.2034996249753772
-1.9176694291999636,7.328599143220225,0.5335367216353926,0.9898304824212535,265.26808225125666,2.749290236793514,0.1214389482491015,0.6311633057948245,1.2937946121911739,0.017564669115006037,1.133910276988972,1.155775625892937,0.2708248830966421
-3.2114318506821755,0.8021399952443675,0.9985882166821786,0.7661263763499648,165.41318882795062,1.2981086267236093,0.34022631165540707,0.06705657031722827,2.0797556527553116,0.003462017805922302,1.2698646388879187,1.581819045095529,-0.3502021116168681
-3.7033639135351475,4.448713284517524,0.9675295826853348,0.9461480227460131,426.1071320700744,2.6553667031038124,0.5847834288486974,0.6053273446006312,2.8723936798273586,0.03207272548529352,2.14233701832526,1.150265678310567,0.03699795408258133
-2.004146799710382,3.4437456758513143,0.9973780103380763,0.007642855741804566,346.5663416393542,1.1448376696003444,0.716067202774777,0.2569056204968617,1.5980893767582791,0.04215676621024871,2.6472204761048643,0.7343478639878913,-0.05499654519827524
-0.051805942307976416,9.846732904275633,0.504950493057853,0.45982550808239275,401.8652418216209,2.7588893438365942,0.6802958799907747,0.5615322118155364,1.192965159975151,0.015230323383490719,1.0035968487816889,1.488929845387042,-2.447529536265275
2.112315595744275,9.46241994839003,0.7467939822320702,0.5011968406870916,129.94226996645284,2.0994021342922924,0.222554280540313,0.7773323649485295,2.166238005856259,0.035834683445172155,2.287879825160841,0.7109503295805262,0.0202421853900141
-0.628668298022732,1.2936223705552041,0.5070021357577652,0.7698132020048752,154.3507142197863,2.206539178386064,0.10548851595793379,0.5110647736484097,2.9643813662753242,0.007079601170508038,2.761421645646915,1.1530514107819103,0.3085290425533478
1.0076601617155196,9.943851697749608,0.7629722791123703,0.27612854615521054,398.35254732784597,1.3458498875336113,0.6011842673853559,0.9704036507128567,2.382201316419559,0.02826025433554205,2.527039397836268,1.5776998624210157,-1.565492979229115
-0.6204563137162777,9.012221953336695,0.28675837588438535,0.8380299274459894,174.5605156951957,1.410833370592401,0.15885800087237173,0.5861285290367355,1.4175598768314384,0.023693825660427305,2.0244939958421355,1.4869688133975951,-0.5702748656171566
3.8691429391220042,1.206556563276655,0.6486690705446481,0.6282132554804265,55.945516063507654,1.6421071827810487,0.3654746473108095,0.24365112851509468,2.118548027937331,0.003096948387935167,2.717007628178412,0.6827154185579833,0.36911805677340814
2.577926211049345,9.25675385968468,0.459643190875197,0.5552797426052405,339.1196222368983,1.0844846574386275,0.3602364645723871,0.6945796462575141,2.972512740675238,0.016901960466033,1.3312270692612127,1.1398233424056587,-0.07038403292899997
1.8298328260230452,9.005883945158166,0.19607338323647105,0.7099003547065007,462.49763524332707,1.0418247839859436,0.7494266009277398,0.35007595021036514,1.4895885204812025,0.016740912531154655,2.2636859834017757,0.5658883036030127,-0.07040397019280653
-2.6341556909728006,0.7519558329765108,0.8186574943063659,0.754834375262657,149.84008864257598,1.6379611644496823,0.869241536427369,0.2359848881217037,2.290782499311703,0.02738253750976844,1.7622638630168639,1.6478174550688467,-3.330098158061509
-0.4807950449156362,8.508022216001565,0.7814280665339808,0.11509668559194608,73.86150779954781,2.322116144495144,0.890555076161758,0.9189023659648171,1.4383448831542403,0.04734679295000415,1.3327773563393264,1.5216425353216025,-11.219401420862253
-1.1997720326148773,1.5355704706606788,0.5176744621715266,0.838465810084049,400.43313207426485,1.15866774650918,0.39307053212117304,0.1776334112644889,2.866212542858401,0.04591332632823167,2.250753290565008,0.9664089364661506,0.2777229906902383
